ppm,intensity
10.000000,0.158963
9.999390,0.158963
9.998779,0.158963
9.998169,0.158963
9.997558,0.158963
9.996948,0.158963
9.996338,0.158963
9.995727,0.158963
9.995117,0.158963
9.994507,0.158963
9.993896,0.158963
9.993286,0.158963
9.992675,0.158963
9.992065,0.158963
9.991455,0.158963
9.990844,0.158963
9.990234,0.158963
9.989623,0.158963
9.989013,0.158963
9.988403,0.158963
9.987792,0.158963
9.987182,0.158963
9.986571,0.158963
9.985961,0.158963
9.985351,0.158963
9.984740,0.158963
9.984130,0.158963
9.983520,0.158963
9.982909,0.158963
9.982299,0.158963
9.981688,0.158963
9.981078,0.158963
9.980468,0.158963
9.979857,0.158963
9.979247,0.158963
9.978636,0.158963
9.978026,0.158963
9.977416,0.158963
9.976805,0.158963
9.976195,0.158963
9.975584,0.158963
9.974974,0.158963
9.974364,0.158963
9.973753,0.158963
9.973143,0.158963
9.972533,0.158963
9.971922,0.158963
9.971312,0.158963
9.970701,0.158963
9.970091,0.158963
9.969481,0.158963
9.968870,0.158963
9.968260,0.158963
9.967649,0.158963
9.967039,0.158963
9.966429,0.158963
9.965818,0.158963
9.965208,0.158963
9.964597,0.158963
9.963987,0.158963
9.963377,0.158963
9.962766,0.158963
9.962156,0.158963
9.961546,0.158963
9.960935,0.158963
9.960325,0.158963
9.959714,0.158963
9.959104,0.158963
9.958494,0.158963
9.957883,0.158963
9.957273,0.158963
9.956662,0.158963
9.956052,0.158963
9.955442,0.158963
9.954831,0.158963
9.954221,0.158963
9.953610,0.158963
9.953000,0.158963
9.952390,0.158963
9.951779,0.158963
9.951169,0.158963
9.950559,0.158963
9.949948,0.158963
9.949338,0.158963
9.948727,0.158963
9.948117,0.158963
9.947507,0.158963
9.946896,0.158963
9.946286,0.158963
9.945675,0.158963
9.945065,0.158963
9.944455,0.158963
9.943844,0.158963
9.943234,0.158963
9.942623,0.158963
9.942013,0.158963
9.941403,0.158963
9.940792,0.158963
9.940182,0.158963
9.939572,0.158963
9.938961,0.158963
9.938351,0.158963
9.937740,0.158963
9.937130,0.158963
9.936520,0.158963
9.935909,0.158963
9.935299,0.158963
9.934688,0.158963
9.934078,0.158963
9.933468,0.158963
9.932857,0.158963
9.932247,0.158963
9.931636,0.158963
9.931026,0.158963
9.930416,0.158963
9.929805,0.158963
9.929195,0.158963
9.928585,0.158963
9.927974,0.158963
9.927364,0.158963
9.926753,0.158963
9.926143,0.158963
9.925533,0.158963
9.924922,0.158963
9.924312,0.158963
9.923701,0.158963
9.923091,0.158963
9.922481,0.158963
9.921870,0.158963
9.921260,0.158963
9.920649,0.158963
9.920039,0.158963
9.919429,0.158963
9.918818,0.158963
9.918208,0.158963
9.917598,0.158963
9.916987,0.158963
9.916377,0.158963
9.915766,0.158963
9.915156,0.158963
9.914546,0.158963
9.913935,0.158963
9.913325,0.158963
9.912714,0.158963
9.912104,0.158963
9.911494,0.158963
9.910883,0.158963
9.910273,0.158963
9.909662,0.158963
9.909052,0.158963
9.908442,0.158963
9.907831,0.158963
9.907221,0.158963
9.906611,0.158963
9.906000,0.158963
9.905390,0.158963
9.904779,0.158963
9.904169,0.158963
9.903559,0.158963
9.902948,0.158963
9.902338,0.158963
9.901727,0.158963
9.901117,0.158963
9.900507,0.158963
9.899896,0.158963
9.899286,0.158963
9.898675,0.158963
9.898065,0.158963
9.897455,0.158963
9.896844,0.158963
9.896234,0.158963
9.895624,0.158963
9.895013,0.158963
9.894403,0.158963
9.893792,0.158963
9.893182,0.158963
9.892572,0.158963
9.891961,0.158963
9.891351,0.158963
9.890740,0.158963
9.890130,0.158963
9.889520,0.158963
9.888909,0.158963
9.888299,0.158963
9.887688,0.158963
9.887078,0.158963
9.886468,0.158963
9.885857,0.158963
9.885247,0.158963
9.884637,0.158963
9.884026,0.158963
9.883416,0.158963
9.882805,0.158963
9.882195,0.158963
9.881585,0.158963
9.880974,0.158963
9.880364,0.158963
9.879753,0.158963
9.879143,0.158963
9.878533,0.158963
9.877922,0.158963
9.877312,0.158963
9.876701,0.158963
9.876091,0.158963
9.875481,0.158963
9.874870,0.158963
9.874260,0.158963
9.873650,0.158963
9.873039,0.158963
9.872429,0.158963
9.871818,0.158963
9.871208,0.158963
9.870598,0.158963
9.869987,0.158963
9.869377,0.158963
9.868766,0.158963
9.868156,0.158963
9.867546,0.158963
9.866935,0.158963
9.866325,0.158963
9.865714,0.158963
9.865104,0.158963
9.864494,0.158963
9.863883,0.158963
9.863273,0.158963
9.862663,0.158963
9.862052,0.158963
9.861442,0.158963
9.860831,0.158963
9.860221,0.158963
9.859611,0.158963
9.859000,0.158963
9.858390,0.158963
9.857779,0.158963
9.857169,0.158963
9.856559,0.158963
9.855948,0.158963
9.855338,0.158963
9.854727,0.158963
9.854117,0.158963
9.853507,0.158963
9.852896,0.158963
9.852286,0.158963
9.851676,0.158963
9.851065,0.158963
9.850455,0.158963
9.849844,0.158963
9.849234,0.158963
9.848624,0.158963
9.848013,0.158963
9.847403,0.158963
9.846792,0.158963
9.846182,0.158963
9.845572,0.158963
9.844961,0.158963
9.844351,0.158963
9.843740,0.158963
9.843130,0.158963
9.842520,0.158963
9.841909,0.158963
9.841299,0.158963
9.840689,0.158963
9.840078,0.158963
9.839468,0.158963
9.838857,0.158963
9.838247,0.158963
9.837637,0.158963
9.837026,0.158963
9.836416,0.158963
9.835805,0.158963
9.835195,0.158963
9.834585,0.158963
9.833974,0.158963
9.833364,0.158963
9.832753,0.158963
9.832143,0.158963
9.831533,0.158963
9.830922,0.158963
9.830312,0.158963
9.829702,0.158963
9.829091,0.158963
9.828481,0.158963
9.827870,0.158963
9.827260,0.158963
9.826650,0.158963
9.826039,0.158963
9.825429,0.158963
9.824818,0.158963
9.824208,0.158963
9.823598,0.158963
9.822987,0.158963
9.822377,0.158963
9.821766,0.158963
9.821156,0.158963
9.820546,0.158963
9.819935,0.158963
9.819325,0.158963
9.818715,0.158963
9.818104,0.158963
9.817494,0.158963
9.816883,0.158963
9.816273,0.158963
9.815663,0.158963
9.815052,0.158963
9.814442,0.158963
9.813831,0.158963
9.813221,0.158963
9.812611,0.158963
9.812000,0.158963
9.811390,0.158963
9.810779,0.158963
9.810169,0.158963
9.809559,0.158963
9.808948,0.158963
9.808338,0.158963
9.807728,0.158963
9.807117,0.158963
9.806507,0.158963
9.805896,0.158963
9.805286,0.158963
9.804676,0.158963
9.804065,0.158963
9.803455,0.158963
9.802844,0.158963
9.802234,0.158963
9.801624,0.158963
9.801013,0.158963
9.800403,0.158963
9.799792,0.158963
9.799182,0.158963
9.798572,0.158963
9.797961,0.158963
9.797351,0.158963
9.796741,0.158963
9.796130,0.158963
9.795520,0.158963
9.794909,0.158963
9.794299,0.158963
9.793689,0.158963
9.793078,0.158963
9.792468,0.158963
9.791857,0.158963
9.791247,0.158963
9.790637,0.158963
9.790026,0.158963
9.789416,0.158963
9.788805,0.158963
9.788195,0.158963
9.787585,0.158963
9.786974,0.158963
9.786364,0.158963
9.785754,0.158963
9.785143,0.158963
9.784533,0.158963
9.783922,0.158963
9.783312,0.158963
9.782702,0.158963
9.782091,0.158963
9.781481,0.158963
9.780870,0.158963
9.780260,0.158963
9.779650,0.158963
9.779039,0.158963
9.778429,0.158963
9.777818,0.158963
9.777208,0.158963
9.776598,0.158963
9.775987,0.158963
9.775377,0.158963
9.774767,0.158963
9.774156,0.158963
9.773546,0.158963
9.772935,0.158963
9.772325,0.158963
9.771715,0.158963
9.771104,0.158963
9.770494,0.158963
9.769883,0.158963
9.769273,0.158963
9.768663,0.158963
9.768052,0.158963
9.767442,0.158963
9.766831,0.158963
9.766221,0.158963
9.765611,0.158963
9.765000,0.158963
9.764390,0.158963
9.763780,0.158963
9.763169,0.158963
9.762559,0.158963
9.761948,0.158963
9.761338,0.158963
9.760728,0.158963
9.760117,0.158963
9.759507,0.158963
9.758896,0.158963
9.758286,0.158963
9.757676,0.158963
9.757065,0.158963
9.756455,0.158963
9.755844,0.158963
9.755234,0.158963
9.754624,0.158963
9.754013,0.158963
9.753403,0.158963
9.752793,0.158963
9.752182,0.158963
9.751572,0.158963
9.750961,0.158963
9.750351,0.158963
9.749741,0.158963
9.749130,0.158963
9.748520,0.158963
9.747909,0.158963
9.747299,0.158963
9.746689,0.158963
9.746078,0.158963
9.745468,0.158963
9.744857,0.158963
9.744247,0.158963
9.743637,0.158963
9.743026,0.158963
9.742416,0.158963
9.741806,0.158963
9.741195,0.158963
9.740585,0.158963
9.739974,0.158963
9.739364,0.158963
9.738754,0.158963
9.738143,0.158963
9.737533,0.158963
9.736922,0.158963
9.736312,0.158963
9.735702,0.158963
9.735091,0.158963
9.734481,0.158963
9.733870,0.158963
9.733260,0.158963
9.732650,0.158963
9.732039,0.158963
9.731429,0.158963
9.730819,0.158963
9.730208,0.158963
9.729598,0.158963
9.728987,0.158963
9.728377,0.158963
9.727767,0.158963
9.727156,0.158963
9.726546,0.158963
9.725935,0.158963
9.725325,0.158963
9.724715,0.158963
9.724104,0.158963
9.723494,0.158963
9.722883,0.158963
9.722273,0.158963
9.721663,0.158963
9.721052,0.158963
9.720442,0.158963
9.719832,0.158963
9.719221,0.158963
9.718611,0.158963
9.718000,0.158963
9.717390,0.158963
9.716780,0.158963
9.716169,0.158963
9.715559,0.158963
9.714948,0.158963
9.714338,0.158963
9.713728,0.158963
9.713117,0.158963
9.712507,0.158963
9.711896,0.158963
9.711286,0.158963
9.710676,0.158963
9.710065,0.158963
9.709455,0.158963
9.708845,0.158963
9.708234,0.158963
9.707624,0.158963
9.707013,0.158963
9.706403,0.158963
9.705793,0.158963
9.705182,0.158963
9.704572,0.158963
9.703961,0.158963
9.703351,0.158963
9.702741,0.158963
9.702130,0.158963
9.701520,0.158963
9.700909,0.158963
9.700299,0.158963
9.699689,0.158963
9.699078,0.158963
9.698468,0.158963
9.697858,0.158963
9.697247,0.158963
9.696637,0.158963
9.696026,0.158963
9.695416,0.158963
9.694806,0.158963
9.694195,0.158963
9.693585,0.158963
9.692974,0.158963
9.692364,0.158963
9.691754,0.158963
9.691143,0.158963
9.690533,0.158963
9.689922,0.158963
9.689312,0.158963
9.688702,0.158963
9.688091,0.158963
9.687481,0.158963
9.686871,0.158963
9.686260,0.158963
9.685650,0.158963
9.685039,0.158963
9.684429,0.158963
9.683819,0.158963
9.683208,0.158963
9.682598,0.158963
9.681987,0.158963
9.681377,0.158963
9.680767,0.158963
9.680156,0.158963
9.679546,0.158963
9.678935,0.158963
9.678325,0.158963
9.677715,0.158963
9.677104,0.158963
9.676494,0.158963
9.675884,0.158963
9.675273,0.158963
9.674663,0.158963
9.674052,0.158963
9.673442,0.158963
9.672832,0.158963
9.672221,0.158963
9.671611,0.158963
9.671000,0.158963
9.670390,0.158963
9.669780,0.158963
9.669169,0.158963
9.668559,0.158963
9.667948,0.158963
9.667338,0.158963
9.666728,0.158963
9.666117,0.158963
9.665507,0.158963
9.664897,0.158963
9.664286,0.158963
9.663676,0.158963
9.663065,0.158963
9.662455,0.158963
9.661845,0.158963
9.661234,0.158963
9.660624,0.158963
9.660013,0.158963
9.659403,0.158963
9.658793,0.158963
9.658182,0.158963
9.657572,0.158963
9.656961,0.158963
9.656351,0.158963
9.655741,0.158963
9.655130,0.158963
9.654520,0.158963
9.653910,0.158963
9.653299,0.158963
9.652689,0.158963
9.652078,0.158963
9.651468,0.158963
9.650858,0.158963
9.650247,0.158963
9.649637,0.158963
9.649026,0.158963
9.648416,0.158963
9.647806,0.158963
9.647195,0.158963
9.646585,0.158963
9.645974,0.158963
9.645364,0.158963
9.644754,0.158963
9.644143,0.158963
9.643533,0.158963
9.642923,0.158963
9.642312,0.158963
9.641702,0.158963
9.641091,0.158963
9.640481,0.158963
9.639871,0.158963
9.639260,0.158963
9.638650,0.158963
9.638039,0.158963
9.637429,0.158963
9.636819,0.158963
9.636208,0.158963
9.635598,0.158963
9.634987,0.158963
9.634377,0.158963
9.633767,0.158963
9.633156,0.158963
9.632546,0.158963
9.631936,0.158963
9.631325,0.158963
9.630715,0.158963
9.630104,0.158963
9.629494,0.158963
9.628884,0.158963
9.628273,0.158963
9.627663,0.158963
9.627052,0.158963
9.626442,0.158963
9.625832,0.158963
9.625221,0.158963
9.624611,0.158963
9.624000,0.158963
9.623390,0.158963
9.622780,0.158963
9.622169,0.158963
9.621559,0.158963
9.620949,0.158963
9.620338,0.158963
9.619728,0.158963
9.619117,0.158963
9.618507,0.158963
9.617897,0.158963
9.617286,0.158963
9.616676,0.158963
9.616065,0.158963
9.615455,0.158963
9.614845,0.158963
9.614234,0.158963
9.613624,0.158963
9.613013,0.158963
9.612403,0.158963
9.611793,0.158963
9.611182,0.158963
9.610572,0.158963
9.609962,0.158963
9.609351,0.158963
9.608741,0.158963
9.608130,0.158963
9.607520,0.158963
9.606910,0.158963
9.606299,0.158963
9.605689,0.158963
9.605078,0.158963
9.604468,0.158963
9.603858,0.158963
9.603247,0.158963
9.602637,0.158963
9.602026,0.158963
9.601416,0.158963
9.600806,0.158963
9.600195,0.158963
9.599585,0.158963
9.598975,0.158963
9.598364,0.158963
9.597754,0.158963
9.597143,0.158963
9.596533,0.158963
9.595923,0.158963
9.595312,0.158963
9.594702,0.158963
9.594091,0.158963
9.593481,0.158963
9.592871,0.158963
9.592260,0.158963
9.591650,0.158963
9.591039,0.158963
9.590429,0.158963
9.589819,0.158963
9.589208,0.158963
9.588598,0.158963
9.587988,0.158963
9.587377,0.158963
9.586767,0.158963
9.586156,0.158963
9.585546,0.158963
9.584936,0.158963
9.584325,0.158963
9.583715,0.158963
9.583104,0.158963
9.582494,0.158963
9.581884,0.158963
9.581273,0.158963
9.580663,0.158963
9.580052,0.158963
9.579442,0.158963
9.578832,0.158963
9.578221,0.158963
9.577611,0.158963
9.577001,0.158963
9.576390,0.158963
9.575780,0.158963
9.575169,0.158963
9.574559,0.158963
9.573949,0.158963
9.573338,0.158963
9.572728,0.158963
9.572117,0.158963
9.571507,0.158963
9.570897,0.158963
9.570286,0.158963
9.569676,0.158963
9.569065,0.158963
9.568455,0.158963
9.567845,0.158963
9.567234,0.158963
9.566624,0.158963
9.566014,0.158963
9.565403,0.158963
9.564793,0.158963
9.564182,0.158963
9.563572,0.158963
9.562962,0.158963
9.562351,0.158963
9.561741,0.158963
9.561130,0.158963
9.560520,0.158963
9.559910,0.158963
9.559299,0.158963
9.558689,0.158963
9.558078,0.158963
9.557468,0.158963
9.556858,0.158963
9.556247,0.158963
9.555637,0.158963
9.555027,0.158963
9.554416,0.158963
9.553806,0.158963
9.553195,0.158963
9.552585,0.158963
9.551975,0.158963
9.551364,0.158963
9.550754,0.158963
9.550143,0.158963
9.549533,0.158963
9.548923,0.158963
9.548312,0.158963
9.547702,0.158963
9.547091,0.158963
9.546481,0.158963
9.545871,0.158963
9.545260,0.158963
9.544650,0.158963
9.544040,0.158963
9.543429,0.158963
9.542819,0.158963
9.542208,0.158963
9.541598,0.158963
9.540988,0.158963
9.540377,0.158963
9.539767,0.158963
9.539156,0.158963
9.538546,0.158963
9.537936,0.158963
9.537325,0.158963
9.536715,0.158963
9.536104,0.158963
9.535494,0.158963
9.534884,0.158963
9.534273,0.158963
9.533663,0.158963
9.533053,0.158963
9.532442,0.158963
9.531832,0.158963
9.531221,0.158963
9.530611,0.158963
9.530001,0.158963
9.529390,0.158963
9.528780,0.158963
9.528169,0.158963
9.527559,0.158963
9.526949,0.158963
9.526338,0.158963
9.525728,0.158963
9.525117,0.158963
9.524507,0.158963
9.523897,0.158963
9.523286,0.158963
9.522676,0.158963
9.522066,0.158963
9.521455,0.158963
9.520845,0.158963
9.520234,0.158963
9.519624,0.158963
9.519014,0.158963
9.518403,0.158963
9.517793,0.158963
9.517182,0.158963
9.516572,0.158963
9.515962,0.158963
9.515351,0.158963
9.514741,0.158963
9.514131,0.158963
9.513520,0.158963
9.512910,0.158963
9.512299,0.158963
9.511689,0.158963
9.511079,0.158963
9.510468,0.158963
9.509858,0.158963
9.509247,0.158963
9.508637,0.158963
9.508027,0.158963
9.507416,0.158963
9.506806,0.158963
9.506195,0.158963
9.505585,0.158963
9.504975,0.158963
9.504364,0.158963
9.503754,0.158963
9.503144,0.158963
9.502533,0.158963
9.501923,0.158963
9.501312,0.158963
9.500702,0.158963
9.500092,0.158963
9.499481,0.158963
9.498871,0.158963
9.498260,0.158963
9.497650,0.158963
9.497040,0.158963
9.496429,0.158963
9.495819,0.158963
9.495208,0.158963
9.494598,0.158963
9.493988,0.158963
9.493377,0.158963
9.492767,0.158963
9.492157,0.158963
9.491546,0.158963
9.490936,0.158963
9.490325,0.158963
9.489715,0.158963
9.489105,0.158963
9.488494,0.158963
9.487884,0.158963
9.487273,0.158963
9.486663,0.158963
9.486053,0.158963
9.485442,0.158963
9.484832,0.158963
9.484221,0.158963
9.483611,0.158963
9.483001,0.158963
9.482390,0.158963
9.481780,0.158963
9.481170,0.158963
9.480559,0.158963
9.479949,0.158963
9.479338,0.158963
9.478728,0.158963
9.478118,0.158963
9.477507,0.158963
9.476897,0.158963
9.476286,0.158963
9.475676,0.158963
9.475066,0.158963
9.474455,0.158963
9.473845,0.158963
9.473234,0.158963
9.472624,0.158963
9.472014,0.158963
9.471403,0.158963
9.470793,0.158963
9.470183,0.158963
9.469572,0.158963
9.468962,0.158963
9.468351,0.158963
9.467741,0.158963
9.467131,0.158963
9.466520,0.158963
9.465910,0.158963
9.465299,0.158963
9.464689,0.158963
9.464079,0.158963
9.463468,0.158963
9.462858,0.158963
9.462247,0.158963
9.461637,0.158963
9.461027,0.158963
9.460416,0.158963
9.459806,0.158963
9.459196,0.158963
9.458585,0.158963
9.457975,0.158963
9.457364,0.158963
9.456754,0.158963
9.456144,0.158963
9.455533,0.158963
9.454923,0.158963
9.454312,0.158963
9.453702,0.158963
9.453092,0.158963
9.452481,0.158963
9.451871,0.158963
9.451260,0.158963
9.450650,0.158963
9.450040,0.158963
9.449429,0.158963
9.448819,0.158963
9.448209,0.158963
9.447598,0.158963
9.446988,0.158963
9.446377,0.158963
9.445767,0.158963
9.445157,0.158963
9.444546,0.158963
9.443936,0.158963
9.443325,0.158963
9.442715,0.158963
9.442105,0.158963
9.441494,0.158963
9.440884,0.158963
9.440273,0.158963
9.439663,0.158963
9.439053,0.158963
9.438442,0.158963
9.437832,0.158963
9.437222,0.158963
9.436611,0.158963
9.436001,0.158963
9.435390,0.158963
9.434780,0.158963
9.434170,0.158963
9.433559,0.158963
9.432949,0.158963
9.432338,0.158963
9.431728,0.158963
9.431118,0.158963
9.430507,0.158963
9.429897,0.158963
9.429286,0.158963
9.428676,0.158963
9.428066,0.158963
9.427455,0.158963
9.426845,0.158963
9.426235,0.158963
9.425624,0.158963
9.425014,0.158963
9.424403,0.158963
9.423793,0.158963
9.423183,0.158963
9.422572,0.158963
9.421962,0.158963
9.421351,0.158963
9.420741,0.158963
9.420131,0.158963
9.419520,0.158963
9.418910,0.158963
9.418299,0.158963
9.417689,0.158963
9.417079,0.158963
9.416468,0.158963
9.415858,0.158963
9.415248,0.158963
9.414637,0.158963
9.414027,0.158963
9.413416,0.158963
9.412806,0.158963
9.412196,0.158963
9.411585,0.158963
9.410975,0.158963
9.410364,0.158963
9.409754,0.158963
9.409144,0.158963
9.408533,0.158963
9.407923,0.158963
9.407312,0.158963
9.406702,0.158963
9.406092,0.158963
9.405481,0.158963
9.404871,0.158963
9.404261,0.158963
9.403650,0.158963
9.403040,0.158963
9.402429,0.158963
9.401819,0.158963
9.401209,0.158963
9.400598,0.158963
9.399988,0.158963
9.399377,0.158963
9.398767,0.158963
9.398157,0.158963
9.397546,0.158963
9.396936,0.158963
9.396325,0.158963
9.395715,0.158963
9.395105,0.158963
9.394494,0.158963
9.393884,0.158963
9.393274,0.158963
9.392663,0.158963
9.392053,0.158963
9.391442,0.158963
9.390832,0.158963
9.390222,0.158963
9.389611,0.158963
9.389001,0.158963
9.388390,0.158963
9.387780,0.158963
9.387170,0.158963
9.386559,0.158963
9.385949,0.158963
9.385338,0.158963
9.384728,0.158963
9.384118,0.158963
9.383507,0.158963
9.382897,0.158963
9.382287,0.158963
9.381676,0.158963
9.381066,0.158963
9.380455,0.158963
9.379845,0.158963
9.379235,0.158963
9.378624,0.158963
9.378014,0.158963
9.377403,0.158963
9.376793,0.158963
9.376183,0.158963
9.375572,0.158963
9.374962,0.158963
9.374351,0.158963
9.373741,0.158963
9.373131,0.158963
9.372520,0.158963
9.371910,0.158963
9.371300,0.158963
9.370689,0.158963
9.370079,0.158963
9.369468,0.158963
9.368858,0.158963
9.368248,0.158963
9.367637,0.158963
9.367027,0.158963
9.366416,0.158963
9.365806,0.158963
9.365196,0.158963
9.364585,0.158963
9.363975,0.158963
9.363364,0.158963
9.362754,0.158963
9.362144,0.158963
9.361533,0.158963
9.360923,0.158963
9.360313,0.158963
9.359702,0.158963
9.359092,0.158963
9.358481,0.158963
9.357871,0.158963
9.357261,0.158963
9.356650,0.158963
9.356040,0.158963
9.355429,0.158963
9.354819,0.158963
9.354209,0.158963
9.353598,0.158963
9.352988,0.158963
9.352377,0.158963
9.351767,0.158963
9.351157,0.158963
9.350546,0.158963
9.349936,0.158963
9.349326,0.158963
9.348715,0.158963
9.348105,0.158963
9.347494,0.158963
9.346884,0.158963
9.346274,0.158963
9.345663,0.158963
9.345053,0.158963
9.344442,0.158963
9.343832,0.158963
9.343222,0.158963
9.342611,0.158963
9.342001,0.158963
9.341390,0.158963
9.340780,0.158963
9.340170,0.158963
9.339559,0.158963
9.338949,0.158963
9.338339,0.158963
9.337728,0.158963
9.337118,0.158963
9.336507,0.158963
9.335897,0.158963
9.335287,0.158963
9.334676,0.158963
9.334066,0.158963
9.333455,0.158963
9.332845,0.158963
9.332235,0.158963
9.331624,0.158963
9.331014,0.158963
9.330403,0.158963
9.329793,0.158963
9.329183,0.158963
9.328572,0.158963
9.327962,0.158963
9.327352,0.158963
9.326741,0.158963
9.326131,0.158963
9.325520,0.158963
9.324910,0.158963
9.324300,0.158963
9.323689,0.158963
9.323079,0.158963
9.322468,0.158963
9.321858,0.158963
9.321248,0.158963
9.320637,0.158963
9.320027,0.158963
9.319416,0.158963
9.318806,0.158963
9.318196,0.158963
9.317585,0.158963
9.316975,0.158963
9.316365,0.158963
9.315754,0.158963
9.315144,0.158963
9.314533,0.158963
9.313923,0.158963
9.313313,0.158963
9.312702,0.158963
9.312092,0.158963
9.311481,0.158963
9.310871,0.158963
9.310261,0.158963
9.309650,0.158963
9.309040,0.158963
9.308429,0.158963
9.307819,0.158963
9.307209,0.158963
9.306598,0.158963
9.305988,0.158963
9.305378,0.158963
9.304767,0.158963
9.304157,0.158963
9.303546,0.158963
9.302936,0.158963
9.302326,0.158963
9.301715,0.158963
9.301105,0.158963
9.300494,0.158963
9.299884,0.158963
9.299274,0.158963
9.298663,0.158963
9.298053,0.158963
9.297442,0.158963
9.296832,0.158963
9.296222,0.158963
9.295611,0.158963
9.295001,0.158963
9.294391,0.158963
9.293780,0.158963
9.293170,0.158963
9.292559,0.158963
9.291949,0.158963
9.291339,0.158963
9.290728,0.158963
9.290118,0.158963
9.289507,0.158963
9.288897,0.158963
9.288287,0.158963
9.287676,0.158963
9.287066,0.158963
9.286455,0.158963
9.285845,0.158963
9.285235,0.158963
9.284624,0.158963
9.284014,0.158963
9.283404,0.158963
9.282793,0.158963
9.282183,0.158963
9.281572,0.158963
9.280962,0.158963
9.280352,0.158963
9.279741,0.158963
9.279131,0.158963
9.278520,0.158963
9.277910,0.158963
9.277300,0.158963
9.276689,0.158963
9.276079,0.158963
9.275468,0.158963
9.274858,0.158963
9.274248,0.158963
9.273637,0.158963
9.273027,0.158963
9.272417,0.158963
9.271806,0.158963
9.271196,0.158963
9.270585,0.158963
9.269975,0.158963
9.269365,0.158963
9.268754,0.158963
9.268144,0.158963
9.267533,0.158963
9.266923,0.158963
9.266313,0.158963
9.265702,0.158963
9.265092,0.158963
9.264481,0.158963
9.263871,0.158963
9.263261,0.158963
9.262650,0.158963
9.262040,0.158963
9.261430,0.158963
9.260819,0.158963
9.260209,0.158963
9.259598,0.158963
9.258988,0.158963
9.258378,0.158963
9.257767,0.158963
9.257157,0.158963
9.256546,0.158963
9.255936,0.158963
9.255326,0.158963
9.254715,0.158963
9.254105,0.158963
9.253494,0.158963
9.252884,0.158963
9.252274,0.158963
9.251663,0.158963
9.251053,0.158963
9.250443,0.158963
9.249832,0.158963
9.249222,0.158963
9.248611,0.158963
9.248001,0.158963
9.247391,0.158963
9.246780,0.158963
9.246170,0.158963
9.245559,0.158963
9.244949,0.158963
9.244339,0.158963
9.243728,0.158963
9.243118,0.158963
9.242507,0.158963
9.241897,0.158963
9.241287,0.158963
9.240676,0.158963
9.240066,0.158963
9.239456,0.158963
9.238845,0.158963
9.238235,0.158963
9.237624,0.158963
9.237014,0.158963
9.236404,0.158963
9.235793,0.158963
9.235183,0.158963
9.234572,0.158963
9.233962,0.158963
9.233352,0.158963
9.232741,0.158963
9.232131,0.158963
9.231520,0.158963
9.230910,0.158963
9.230300,0.158963
9.229689,0.158963
9.229079,0.158963
9.228469,0.158963
9.227858,0.158963
9.227248,0.158963
9.226637,0.158963
9.226027,0.158963
9.225417,0.158963
9.224806,0.158963
9.224196,0.158963
9.223585,0.158963
9.222975,0.158963
9.222365,0.158963
9.221754,0.158963
9.221144,0.158963
9.220533,0.158963
9.219923,0.158963
9.219313,0.158963
9.218702,0.158963
9.218092,0.158963
9.217482,0.158963
9.216871,0.158963
9.216261,0.158963
9.215650,0.158963
9.215040,0.158963
9.214430,0.158963
9.213819,0.158963
9.213209,0.158963
9.212598,0.158963
9.211988,0.158963
9.211378,0.158963
9.210767,0.158963
9.210157,0.158963
9.209546,0.158963
9.208936,0.158963
9.208326,0.158963
9.207715,0.158963
9.207105,0.158963
9.206495,0.158963
9.205884,0.158963
9.205274,0.158963
9.204663,0.158963
9.204053,0.158963
9.203443,0.158963
9.202832,0.158963
9.202222,0.158963
9.201611,0.158963
9.201001,0.158963
9.200391,0.158963
9.199780,0.158963
9.199170,0.158963
9.198559,0.158963
9.197949,0.158963
9.197339,0.158963
9.196728,0.158963
9.196118,0.158963
9.195508,0.158963
9.194897,0.158963
9.194287,0.158963
9.193676,0.158963
9.193066,0.158963
9.192456,0.158963
9.191845,0.158963
9.191235,0.158963
9.190624,0.158963
9.190014,0.158963
9.189404,0.158963
9.188793,0.158963
9.188183,0.158963
9.187572,0.158963
9.186962,0.158963
9.186352,0.158963
9.185741,0.158963
9.185131,0.158963
9.184521,0.158963
9.183910,0.158963
9.183300,0.158963
9.182689,0.158963
9.182079,0.158963
9.181469,0.158963
9.180858,0.158963
9.180248,0.158963
9.179637,0.158963
9.179027,0.158963
9.178417,0.158963
9.177806,0.158963
9.177196,0.158963
9.176585,0.158963
9.175975,0.158963
9.175365,0.158963
9.174754,0.158963
9.174144,0.158963
9.173534,0.158963
9.172923,0.158963
9.172313,0.158963
9.171702,0.158963
9.171092,0.158963
9.170482,0.158963
9.169871,0.158963
9.169261,0.158963
9.168650,0.158963
9.168040,0.158963
9.167430,0.158963
9.166819,0.158963
9.166209,0.158963
9.165598,0.158963
9.164988,0.158963
9.164378,0.158963
9.163767,0.158963
9.163157,0.158963
9.162547,0.158963
9.161936,0.158963
9.161326,0.158963
9.160715,0.158963
9.160105,0.158963
9.159495,0.158963
9.158884,0.158963
9.158274,0.158963
9.157663,0.158963
9.157053,0.158963
9.156443,0.158963
9.155832,0.158963
9.155222,0.158963
9.154611,0.158963
9.154001,0.158963
9.153391,0.158963
9.152780,0.158963
9.152170,0.158963
9.151560,0.158963
9.150949,0.158963
9.150339,0.158963
9.149728,0.158963
9.149118,0.158963
9.148508,0.158963
9.147897,0.158963
9.147287,0.158963
9.146676,0.158963
9.146066,0.158963
9.145456,0.158963
9.144845,0.158963
9.144235,0.158963
9.143624,0.158963
9.143014,0.158963
9.142404,0.158963
9.141793,0.158963
9.141183,0.158963
9.140573,0.158963
9.139962,0.158963
9.139352,0.158963
9.138741,0.158963
9.138131,0.158963
9.137521,0.158963
9.136910,0.158963
9.136300,0.158963
9.135689,0.158963
9.135079,0.158963
9.134469,0.158963
9.133858,0.158963
9.133248,0.158963
9.132637,0.158963
9.132027,0.158963
9.131417,0.158963
9.130806,0.158963
9.130196,0.158963
9.129586,0.158963
9.128975,0.158963
9.128365,0.158963
9.127754,0.158963
9.127144,0.158963
9.126534,0.158963
9.125923,0.158963
9.125313,0.158963
9.124702,0.158963
9.124092,0.158963
9.123482,0.158963
9.122871,0.158963
9.122261,0.158963
9.121650,0.158963
9.121040,0.158963
9.120430,0.158963
9.119819,0.158963
9.119209,0.158963
9.118599,0.158963
9.117988,0.158963
9.117378,0.158963
9.116767,0.158963
9.116157,0.158963
9.115547,0.158963
9.114936,0.158963
9.114326,0.158963
9.113715,0.158963
9.113105,0.158963
9.112495,0.158963
9.111884,0.158963
9.111274,0.158963
9.110663,0.158963
9.110053,0.158963
9.109443,0.158963
9.108832,0.158963
9.108222,0.158963
9.107612,0.158963
9.107001,0.158963
9.106391,0.158963
9.105780,0.158963
9.105170,0.158963
9.104560,0.158963
9.103949,0.158963
9.103339,0.158963
9.102728,0.158963
9.102118,0.158963
9.101508,0.158963
9.100897,0.158963
9.100287,0.158963
9.099676,0.158963
9.099066,0.158963
9.098456,0.158963
9.097845,0.158963
9.097235,0.158963
9.096625,0.158963
9.096014,0.158963
9.095404,0.158963
9.094793,0.158963
9.094183,0.158963
9.093573,0.158963
9.092962,0.158963
9.092352,0.158963
9.091741,0.158963
9.091131,0.158963
9.090521,0.158963
9.089910,0.158963
9.089300,0.158963
9.088689,0.158963
9.088079,0.158963
9.087469,0.158963
9.086858,0.158963
9.086248,0.158963
9.085638,0.158963
9.085027,0.158963
9.084417,0.158963
9.083806,0.158963
9.083196,0.158963
9.082586,0.158963
9.081975,0.158963
9.081365,0.158963
9.080754,0.158963
9.080144,0.158963
9.079534,0.158963
9.078923,0.158963
9.078313,0.158963
9.077702,0.158963
9.077092,0.158963
9.076482,0.158963
9.075871,0.158963
9.075261,0.158963
9.074651,0.158963
9.074040,0.158963
9.073430,0.158963
9.072819,0.158963
9.072209,0.158963
9.071599,0.158963
9.070988,0.158963
9.070378,0.158963
9.069767,0.158963
9.069157,0.158963
9.068547,0.158963
9.067936,0.158963
9.067326,0.158963
9.066715,0.158963
9.066105,0.158963
9.065495,0.158963
9.064884,0.158963
9.064274,0.158963
9.063664,0.158963
9.063053,0.158963
9.062443,0.158963
9.061832,0.158963
9.061222,0.158963
9.060612,0.158963
9.060001,0.158963
9.059391,0.158963
9.058780,0.158963
9.058170,0.158963
9.057560,0.158963
9.056949,0.158963
9.056339,0.158963
9.055728,0.158963
9.055118,0.158963
9.054508,0.158963
9.053897,0.158963
9.053287,0.158963
9.052677,0.158963
9.052066,0.158963
9.051456,0.158963
9.050845,0.158963
9.050235,0.158963
9.049625,0.158963
9.049014,0.158963
9.048404,0.158963
9.047793,0.158963
9.047183,0.158963
9.046573,0.158963
9.045962,0.158963
9.045352,0.158963
9.044742,0.158963
9.044131,0.158963
9.043521,0.158963
9.042910,0.158963
9.042300,0.158963
9.041690,0.158963
9.041079,0.158963
9.040469,0.158963
9.039858,0.158963
9.039248,0.158963
9.038638,0.158963
9.038027,0.158963
9.037417,0.158963
9.036806,0.158963
9.036196,0.158963
9.035586,0.158963
9.034975,0.158963
9.034365,0.158963
9.033755,0.158963
9.033144,0.158963
9.032534,0.158963
9.031923,0.158963
9.031313,0.158963
9.030703,0.158963
9.030092,0.158963
9.029482,0.158963
9.028871,0.158963
9.028261,0.158963
9.027651,0.158963
9.027040,0.158963
9.026430,0.158963
9.025819,0.158963
9.025209,0.158963
9.024599,0.158963
9.023988,0.158963
9.023378,0.158963
9.022768,0.158963
9.022157,0.158963
9.021547,0.158963
9.020936,0.158963
9.020326,0.158963
9.019716,0.158963
9.019105,0.158963
9.018495,0.158963
9.017884,0.158963
9.017274,0.158963
9.016664,0.158963
9.016053,0.158963
9.015443,0.158963
9.014832,0.158963
9.014222,0.158963
9.013612,0.158963
9.013001,0.158963
9.012391,0.158963
9.011781,0.158963
9.011170,0.158963
9.010560,0.158963
9.009949,0.158963
9.009339,0.158963
9.008729,0.158963
9.008118,0.158963
9.007508,0.158963
9.006897,0.158963
9.006287,0.158963
9.005677,0.158963
9.005066,0.158963
9.004456,0.158963
9.003845,0.158963
9.003235,0.158963
9.002625,0.158963
9.002014,0.158963
9.001404,0.158963
9.000794,0.158963
9.000183,0.158963
8.999573,0.158963
8.998962,0.158963
8.998352,0.158963
8.997742,0.158963
8.997131,0.158963
8.996521,0.158963
8.995910,0.158963
8.995300,0.158963
8.994690,0.158963
8.994079,0.158963
8.993469,0.158963
8.992858,0.158963
8.992248,0.158963
8.991638,0.158963
8.991027,0.158963
8.990417,0.158963
8.989807,0.158963
8.989196,0.158963
8.988586,0.158963
8.987975,0.158963
8.987365,0.158963
8.986755,0.158963
8.986144,0.158963
8.985534,0.158963
8.984923,0.158963
8.984313,0.158963
8.983703,0.158963
8.983092,0.158963
8.982482,0.158963
8.981871,0.158963
8.981261,0.158963
8.980651,0.158963
8.980040,0.158963
8.979430,0.158963
8.978820,0.158963
8.978209,0.158963
8.977599,0.158963
8.976988,0.158963
8.976378,0.158963
8.975768,0.158963
8.975157,0.158963
8.974547,0.158963
8.973936,0.158963
8.973326,0.158963
8.972716,0.158963
8.972105,0.158963
8.971495,0.158963
8.970884,0.158963
8.970274,0.158963
8.969664,0.158963
8.969053,0.158963
8.968443,0.158963
8.967833,0.158963
8.967222,0.158963
8.966612,0.158963
8.966001,0.158963
8.965391,0.158963
8.964781,0.158963
8.964170,0.158963
8.963560,0.158963
8.962949,0.158963
8.962339,0.158963
8.961729,0.158963
8.961118,0.158963
8.960508,0.158963
8.959897,0.158963
8.959287,0.158963
8.958677,0.158963
8.958066,0.158963
8.957456,0.158963
8.956846,0.158963
8.956235,0.158963
8.955625,0.158963
8.955014,0.158963
8.954404,0.158963
8.953794,0.158963
8.953183,0.158963
8.952573,0.158963
8.951962,0.158963
8.951352,0.158963
8.950742,0.158963
8.950131,0.158963
8.949521,0.158963
8.948910,0.158963
8.948300,0.158963
8.947690,0.158963
8.947079,0.158963
8.946469,0.158963
8.945859,0.158963
8.945248,0.158963
8.944638,0.158963
8.944027,0.158963
8.943417,0.158963
8.942807,0.158963
8.942196,0.158963
8.941586,0.158963
8.940975,0.158963
8.940365,0.158963
8.939755,0.158963
8.939144,0.158963
8.938534,0.158963
8.937923,0.158963
8.937313,0.158963
8.936703,0.158963
8.936092,0.158963
8.935482,0.158963
8.934872,0.158963
8.934261,0.158963
8.933651,0.158963
8.933040,0.158963
8.932430,0.158963
8.931820,0.158963
8.931209,0.158963
8.930599,0.158963
8.929988,0.158963
8.929378,0.158963
8.928768,0.158963
8.928157,0.158963
8.927547,0.158963
8.926936,0.158963
8.926326,0.158963
8.925716,0.158963
8.925105,0.158963
8.924495,0.158963
8.923885,0.158963
8.923274,0.158963
8.922664,0.158963
8.922053,0.158963
8.921443,0.158963
8.920833,0.158963
8.920222,0.158963
8.919612,0.158963
8.919001,0.158963
8.918391,0.158963
8.917781,0.158963
8.917170,0.158963
8.916560,0.158963
8.915949,0.158963
8.915339,0.158963
8.914729,0.158963
8.914118,0.158963
8.913508,0.158963
8.912898,0.158963
8.912287,0.158963
8.911677,0.158963
8.911066,0.158963
8.910456,0.158963
8.909846,0.158963
8.909235,0.158963
8.908625,0.158963
8.908014,0.158963
8.907404,0.158963
8.906794,0.158963
8.906183,0.158963
8.905573,0.158963
8.904962,0.158963
8.904352,0.158963
8.903742,0.158963
8.903131,0.158963
8.902521,0.158963
8.901911,0.158963
8.901300,0.158963
8.900690,0.158963
8.900079,0.158963
8.899469,0.158963
8.898859,0.158963
8.898248,0.158963
8.897638,0.158963
8.897027,0.158963
8.896417,0.158963
8.895807,0.158963
8.895196,0.158963
8.894586,0.158963
8.893975,0.158963
8.893365,0.158963
8.892755,0.158963
8.892144,0.158963
8.891534,0.158963
8.890924,0.158963
8.890313,0.158963
8.889703,0.158963
8.889092,0.158963
8.888482,0.158963
8.887872,0.158963
8.887261,0.158963
8.886651,0.158963
8.886040,0.158963
8.885430,0.158963
8.884820,0.158963
8.884209,0.158963
8.883599,0.158963
8.882988,0.158963
8.882378,0.158963
8.881768,0.158963
8.881157,0.158963
8.880547,0.158963
8.879937,0.158963
8.879326,0.158963
8.878716,0.158963
8.878105,0.158963
8.877495,0.158963
8.876885,0.158963
8.876274,0.158963
8.875664,0.158963
8.875053,0.158963
8.874443,0.158963
8.873833,0.158963
8.873222,0.158963
8.872612,0.158963
8.872001,0.158963
8.871391,0.158963
8.870781,0.158963
8.870170,0.158963
8.869560,0.158963
8.868950,0.158963
8.868339,0.158963
8.867729,0.158963
8.867118,0.158963
8.866508,0.158963
8.865898,0.158963
8.865287,0.158963
8.864677,0.158963
8.864066,0.158963
8.863456,0.158963
8.862846,0.158963
8.862235,0.158963
8.861625,0.158963
8.861014,0.158963
8.860404,0.158963
8.859794,0.158963
8.859183,0.158963
8.858573,0.158963
8.857963,0.158963
8.857352,0.158963
8.856742,0.158963
8.856131,0.158963
8.855521,0.158963
8.854911,0.158963
8.854300,0.158963
8.853690,0.158963
8.853079,0.158963
8.852469,0.158963
8.851859,0.158963
8.851248,0.158963
8.850638,0.158963
8.850027,0.158963
8.849417,0.158963
8.848807,0.158963
8.848196,0.158963
8.847586,0.158963
8.846976,0.158963
8.846365,0.158963
8.845755,0.158963
8.845144,0.158963
8.844534,0.158963
8.843924,0.158963
8.843313,0.158963
8.842703,0.158963
8.842092,0.158963
8.841482,0.158963
8.840872,0.158963
8.840261,0.158963
8.839651,0.158963
8.839040,0.158963
8.838430,0.158963
8.837820,0.158963
8.837209,0.158963
8.836599,0.158963
8.835989,0.158963
8.835378,0.158963
8.834768,0.158963
8.834157,0.158963
8.833547,0.158963
8.832937,0.158963
8.832326,0.158963
8.831716,0.158963
8.831105,0.158963
8.830495,0.158963
8.829885,0.158963
8.829274,0.158963
8.828664,0.158963
8.828053,0.158963
8.827443,0.158963
8.826833,0.158963
8.826222,0.158963
8.825612,0.158963
8.825002,0.158963
8.824391,0.158963
8.823781,0.158963
8.823170,0.158963
8.822560,0.158963
8.821950,0.158963
8.821339,0.158963
8.820729,0.158963
8.820118,0.158963
8.819508,0.158963
8.818898,0.158963
8.818287,0.158963
8.817677,0.158963
8.817066,0.158963
8.816456,0.158963
8.815846,0.158963
8.815235,0.158963
8.814625,0.158963
8.814015,0.158963
8.813404,0.158963
8.812794,0.158963
8.812183,0.158963
8.811573,0.158963
8.810963,0.158963
8.810352,0.158963
8.809742,0.158963
8.809131,0.158963
8.808521,0.158963
8.807911,0.158963
8.807300,0.158963
8.806690,0.158963
8.806079,0.158963
8.805469,0.158963
8.804859,0.158963
8.804248,0.158963
8.803638,0.158963
8.803028,0.158963
8.802417,0.158963
8.801807,0.158963
8.801196,0.158963
8.800586,0.158963
8.799976,0.158963
8.799365,0.158963
8.798755,0.158963
8.798144,0.158963
8.797534,0.158963
8.796924,0.158963
8.796313,0.158963
8.795703,0.158963
8.795092,0.158963
8.794482,0.158963
8.793872,0.158963
8.793261,0.158963
8.792651,0.158963
8.792041,0.158963
8.791430,0.158963
8.790820,0.158963
8.790209,0.158963
8.789599,0.158963
8.788989,0.158963
8.788378,0.158963
8.787768,0.158963
8.787157,0.158963
8.786547,0.158963
8.785937,0.158963
8.785326,0.158963
8.784716,0.158963
8.784105,0.158963
8.783495,0.158963
8.782885,0.158963
8.782274,0.158963
8.781664,0.158963
8.781054,0.158963
8.780443,0.158963
8.779833,0.158963
8.779222,0.158963
8.778612,0.158963
8.778002,0.158963
8.777391,0.158963
8.776781,0.158963
8.776170,0.158963
8.775560,0.158963
8.774950,0.158963
8.774339,0.158963
8.773729,0.158963
8.773118,0.158963
8.772508,0.158963
8.771898,0.158963
8.771287,0.158963
8.770677,0.158963
8.770067,0.158963
8.769456,0.158963
8.768846,0.158963
8.768235,0.158963
8.767625,0.158963
8.767015,0.158963
8.766404,0.158963
8.765794,0.158963
8.765183,0.158963
8.764573,0.158963
8.763963,0.158963
8.763352,0.158963
8.762742,0.158963
8.762131,0.158963
8.761521,0.158963
8.760911,0.158963
8.760300,0.158963
8.759690,0.158963
8.759080,0.158963
8.758469,0.158963
8.757859,0.158963
8.757248,0.158963
8.756638,0.158963
8.756028,0.158963
8.755417,0.158963
8.754807,0.158963
8.754196,0.158963
8.753586,0.158963
8.752976,0.158963
8.752365,0.158963
8.751755,0.158963
8.751144,0.158963
8.750534,0.158963
8.749924,0.158963
8.749313,0.158963
8.748703,0.158963
8.748093,0.158963
8.747482,0.158963
8.746872,0.158963
8.746261,0.158963
8.745651,0.158963
8.745041,0.158963
8.744430,0.158963
8.743820,0.158963
8.743209,0.158963
8.742599,0.158963
8.741989,0.158963
8.741378,0.158963
8.740768,0.158963
8.740157,0.158963
8.739547,0.158963
8.738937,0.158963
8.738326,0.158963
8.737716,0.158963
8.737106,0.158963
8.736495,0.158963
8.735885,0.158963
8.735274,0.158963
8.734664,0.158963
8.734054,0.158963
8.733443,0.158963
8.732833,0.158963
8.732222,0.158963
8.731612,0.158963
8.731002,0.158963
8.730391,0.158963
8.729781,0.158963
8.729170,0.158963
8.728560,0.158963
8.727950,0.158963
8.727339,0.158963
8.726729,0.158963
8.726119,0.158963
8.725508,0.158963
8.724898,0.158963
8.724287,0.158963
8.723677,0.158963
8.723067,0.158963
8.722456,0.158963
8.721846,0.158963
8.721235,0.158963
8.720625,0.158963
8.720015,0.158963
8.719404,0.158963
8.718794,0.158963
8.718183,0.158963
8.717573,0.158963
8.716963,0.158963
8.716352,0.158963
8.715742,0.158963
8.715132,0.158963
8.714521,0.158963
8.713911,0.158963
8.713300,0.158963
8.712690,0.158963
8.712080,0.158963
8.711469,0.158963
8.710859,0.158963
8.710248,0.158963
8.709638,0.158963
8.709028,0.158963
8.708417,0.158963
8.707807,0.158963
8.707196,0.158963
8.706586,0.158963
8.705976,0.158963
8.705365,0.158963
8.704755,0.158963
8.704145,0.158963
8.703534,0.158963
8.702924,0.158963
8.702313,0.158963
8.701703,0.158963
8.701093,0.158963
8.700482,0.158963
8.699872,0.158963
8.699261,0.158963
8.698651,0.158963
8.698041,0.158963
8.697430,0.158963
8.696820,0.158963
8.696209,0.158963
8.695599,0.158963
8.694989,0.158963
8.694378,0.158963
8.693768,0.158963
8.693158,0.158963
8.692547,0.158963
8.691937,0.158963
8.691326,0.158963
8.690716,0.158963
8.690106,0.158963
8.689495,0.158963
8.688885,0.158963
8.688274,0.158963
8.687664,0.158963
8.687054,0.158963
8.686443,0.158963
8.685833,0.158963
8.685222,0.158963
8.684612,0.158963
8.684002,0.158963
8.683391,0.158963
8.682781,0.158963
8.682171,0.158963
8.681560,0.158963
8.680950,0.158963
8.680339,0.158963
8.679729,0.158963
8.679119,0.158963
8.678508,0.158963
8.677898,0.158963
8.677287,0.158963
8.676677,0.158963
8.676067,0.158963
8.675456,0.158963
8.674846,0.158963
8.674235,0.158963
8.673625,0.158963
8.673015,0.158963
8.672404,0.158963
8.671794,0.158963
8.671184,0.158963
8.670573,0.158963
8.669963,0.158963
8.669352,0.158963
8.668742,0.158963
8.668132,0.158963
8.667521,0.158963
8.666911,0.158963
8.666300,0.158963
8.665690,0.158963
8.665080,0.158963
8.664469,0.158963
8.663859,0.158963
8.663248,0.158963
8.662638,0.158963
8.662028,0.158963
8.661417,0.158963
8.660807,0.158963
8.660197,0.158963
8.659586,0.158963
8.658976,0.158963
8.658365,0.158963
8.657755,0.158963
8.657145,0.158963
8.656534,0.158963
8.655924,0.158963
8.655313,0.158963
8.654703,0.158963
8.654093,0.158963
8.653482,0.158963
8.652872,0.158963
8.652261,0.158963
8.651651,0.158963
8.651041,0.158963
8.650430,0.158963
8.649820,0.158963
8.649210,0.158963
8.648599,0.158963
8.647989,0.158963
8.647378,0.158963
8.646768,0.158963
8.646158,0.158963
8.645547,0.158963
8.644937,0.158963
8.644326,0.158963
8.643716,0.158963
8.643106,0.158963
8.642495,0.158963
8.641885,0.158963
8.641274,0.158963
8.640664,0.158963
8.640054,0.158963
8.639443,0.158963
8.638833,0.158963
8.638223,0.158963
8.637612,0.158963
8.637002,0.158963
8.636391,0.158963
8.635781,0.158963
8.635171,0.158963
8.634560,0.158963
8.633950,0.158963
8.633339,0.158963
8.632729,0.158963
8.632119,0.158963
8.631508,0.158963
8.630898,0.158963
8.630287,0.158963
8.629677,0.158963
8.629067,0.158963
8.628456,0.158963
8.627846,0.158963
8.627236,0.158963
8.626625,0.158963
8.626015,0.158963
8.625404,0.158963
8.624794,0.158963
8.624184,0.158963
8.623573,0.158963
8.622963,0.158963
8.622352,0.158963
8.621742,0.158963
8.621132,0.158963
8.620521,0.158963
8.619911,0.158963
8.619300,0.158963
8.618690,0.158963
8.618080,0.158963
8.617469,0.158963
8.616859,0.158963
8.616249,0.158963
8.615638,0.158963
8.615028,0.158963
8.614417,0.158963
8.613807,0.158963
8.613197,0.158963
8.612586,0.158963
8.611976,0.158963
8.611365,0.158963
8.610755,0.158963
8.610145,0.158963
8.609534,0.158963
8.608924,0.158963
8.608313,0.158963
8.607703,0.158963
8.607093,0.158963
8.606482,0.158963
8.605872,0.158963
8.605262,0.158963
8.604651,0.158963
8.604041,0.158963
8.603430,0.158963
8.602820,0.158963
8.602210,0.158963
8.601599,0.158963
8.600989,0.158963
8.600378,0.158963
8.599768,0.158963
8.599158,0.158963
8.598547,0.158963
8.597937,0.158963
8.597326,0.158963
8.596716,0.158963
8.596106,0.158963
8.595495,0.158963
8.594885,0.158963
8.594275,0.158963
8.593664,0.158963
8.593054,0.158963
8.592443,0.158963
8.591833,0.158963
8.591223,0.158963
8.590612,0.158963
8.590002,0.158963
8.589391,0.158963
8.588781,0.158963
8.588171,0.158963
8.587560,0.158963
8.586950,0.158963
8.586339,0.158963
8.585729,0.158963
8.585119,0.158963
8.584508,0.158963
8.583898,0.158963
8.583288,0.158963
8.582677,0.158963
8.582067,0.158963
8.581456,0.158963
8.580846,0.158963
8.580236,0.158963
8.579625,0.158963
8.579015,0.158963
8.578404,0.158963
8.577794,0.158963
8.577184,0.158963
8.576573,0.158963
8.575963,0.158963
8.575352,0.158963
8.574742,0.158963
8.574132,0.158963
8.573521,0.158963
8.572911,0.158963
8.572301,0.158963
8.571690,0.158963
8.571080,0.158963
8.570469,0.158963
8.569859,0.158963
8.569249,0.158963
8.568638,0.158963
8.568028,0.158963
8.567417,0.158963
8.566807,0.158963
8.566197,0.158963
8.565586,0.158963
8.564976,0.158963
8.564366,0.158963
8.563755,0.158963
8.563145,0.158963
8.562534,0.158963
8.561924,0.158963
8.561314,0.158963
8.560703,0.158963
8.560093,0.158963
8.559482,0.158963
8.558872,0.158963
8.558262,0.158963
8.557651,0.158963
8.557041,0.158963
8.556430,0.158963
8.555820,0.158963
8.555210,0.158963
8.554599,0.158963
8.553989,0.158963
8.553379,0.158963
8.552768,0.158963
8.552158,0.158963
8.551547,0.158963
8.550937,0.158963
8.550327,0.158963
8.549716,0.158963
8.549106,0.158963
8.548495,0.158963
8.547885,0.158963
8.547275,0.158963
8.546664,0.158963
8.546054,0.158963
8.545443,0.158963
8.544833,0.158963
8.544223,0.158963
8.543612,0.158963
8.543002,0.158963
8.542392,0.158963
8.541781,0.158963
8.541171,0.158963
8.540560,0.158963
8.539950,0.158963
8.539340,0.158963
8.538729,0.158963
8.538119,0.158963
8.537508,0.158963
8.536898,0.158963
8.536288,0.158963
8.535677,0.158963
8.535067,0.158963
8.534456,0.158963
8.533846,0.158963
8.533236,0.158963
8.532625,0.158963
8.532015,0.158963
8.531405,0.158963
8.530794,0.158963
8.530184,0.158963
8.529573,0.158963
8.528963,0.158963
8.528353,0.158963
8.527742,0.158963
8.527132,0.158963
8.526521,0.158963
8.525911,0.158963
8.525301,0.158963
8.524690,0.158963
8.524080,0.158963
8.523469,0.158963
8.522859,0.158963
8.522249,0.158963
8.521638,0.158963
8.521028,0.158963
8.520418,0.158963
8.519807,0.158963
8.519197,0.158963
8.518586,0.158963
8.517976,0.158963
8.517366,0.158963
8.516755,0.158963
8.516145,0.158963
8.515534,0.158963
8.514924,0.158963
8.514314,0.158963
8.513703,0.158963
8.513093,0.158963
8.512482,0.158963
8.511872,0.158963
8.511262,0.158963
8.510651,0.158963
8.510041,0.158963
8.509431,0.158963
8.508820,0.158963
8.508210,0.158963
8.507599,0.158963
8.506989,0.158963
8.506379,0.158963
8.505768,0.158963
8.505158,0.158963
8.504547,0.158963
8.503937,0.158963
8.503327,0.158963
8.502716,0.158963
8.502106,0.158963
8.501495,0.158963
8.500885,0.158963
8.500275,0.158963
8.499664,0.158963
8.499054,0.158963
8.498444,0.158963
8.497833,0.158963
8.497223,0.158963
8.496612,0.158963
8.496002,0.158963
8.495392,0.158963
8.494781,0.158963
8.494171,0.158963
8.493560,0.158963
8.492950,0.158963
8.492340,0.158963
8.491729,0.158963
8.491119,0.158963
8.490508,0.158963
8.489898,0.158963
8.489288,0.158963
8.488677,0.158963
8.488067,0.158963
8.487457,0.158963
8.486846,0.158963
8.486236,0.158963
8.485625,0.158963
8.485015,0.158963
8.484405,0.158963
8.483794,0.158963
8.483184,0.158963
8.482573,0.158963
8.481963,0.158963
8.481353,0.158963
8.480742,0.158963
8.480132,0.158963
8.479521,0.158963
8.478911,0.158963
8.478301,0.158963
8.477690,0.158963
8.477080,0.158963
8.476470,0.158963
8.475859,0.158963
8.475249,0.158963
8.474638,0.158963
8.474028,0.158963
8.473418,0.158963
8.472807,0.158963
8.472197,0.158963
8.471586,0.158963
8.470976,0.158963
8.470366,0.158963
8.469755,0.158963
8.469145,0.158963
8.468534,0.158963
8.467924,0.158963
8.467314,0.158963
8.466703,0.158963
8.466093,0.158963
8.465483,0.158963
8.464872,0.158963
8.464262,0.158963
8.463651,0.158963
8.463041,0.158963
8.462431,0.158963
8.461820,0.158963
8.461210,0.158963
8.460599,0.158963
8.459989,0.158963
8.459379,0.158963
8.458768,0.158963
8.458158,0.158963
8.457547,0.158963
8.456937,0.158963
8.456327,0.158963
8.455716,0.158963
8.455106,0.158963
8.454496,0.158963
8.453885,0.158963
8.453275,0.158963
8.452664,0.158963
8.452054,0.158963
8.451444,0.158963
8.450833,0.158963
8.450223,0.158963
8.449612,0.158963
8.449002,0.158963
8.448392,0.158963
8.447781,0.158963
8.447171,0.158963
8.446560,0.158963
8.445950,0.158963
8.445340,0.158963
8.444729,0.158963
8.444119,0.158963
8.443509,0.158963
8.442898,0.158963
8.442288,0.158963
8.441677,0.158963
8.441067,0.158963
8.440457,0.158963
8.439846,0.158963
8.439236,0.158963
8.438625,0.158963
8.438015,0.158963
8.437405,0.158963
8.436794,0.158963
8.436184,0.158963
8.435573,0.158963
8.434963,0.158963
8.434353,0.158963
8.433742,0.158963
8.433132,0.158963
8.432522,0.158963
8.431911,0.158963
8.431301,0.158963
8.430690,0.158963
8.430080,0.158963
8.429470,0.158963
8.428859,0.158963
8.428249,0.158963
8.427638,0.158963
8.427028,0.158963
8.426418,0.158963
8.425807,0.158963
8.425197,0.158963
8.424586,0.158963
8.423976,0.158963
8.423366,0.158963
8.422755,0.158963
8.422145,0.158963
8.421535,0.158963
8.420924,0.158963
8.420314,0.158963
8.419703,0.158963
8.419093,0.158963
8.418483,0.158963
8.417872,0.158963
8.417262,0.158963
8.416651,0.158963
8.416041,0.158963
8.415431,0.158963
8.414820,0.158963
8.414210,0.158963
8.413599,0.158963
8.412989,0.158963
8.412379,0.158963
8.411768,0.158963
8.411158,0.158963
8.410548,0.158963
8.409937,0.158963
8.409327,0.158963
8.408716,0.158963
8.408106,0.158963
8.407496,0.158963
8.406885,0.158963
8.406275,0.158963
8.405664,0.158963
8.405054,0.158963
8.404444,0.158963
8.403833,0.158963
8.403223,0.158963
8.402612,0.158963
8.402002,0.158963
8.401392,0.158963
8.400781,0.158963
8.400171,0.158963
8.399561,0.158963
8.398950,0.158963
8.398340,0.158963
8.397729,0.158963
8.397119,0.158963
8.396509,0.158963
8.395898,0.158963
8.395288,0.158963
8.394677,0.158963
8.394067,0.158963
8.393457,0.158963
8.392846,0.158963
8.392236,0.158963
8.391625,0.158963
8.391015,0.158963
8.390405,0.158963
8.389794,0.158963
8.389184,0.158963
8.388574,0.158963
8.387963,0.158963
8.387353,0.158963
8.386742,0.158963
8.386132,0.158963
8.385522,0.158963
8.384911,0.158963
8.384301,0.158963
8.383690,0.158963
8.383080,0.158963
8.382470,0.158963
8.381859,0.158963
8.381249,0.158963
8.380638,0.158963
8.380028,0.158963
8.379418,0.158963
8.378807,0.158963
8.378197,0.158963
8.377587,0.158963
8.376976,0.158963
8.376366,0.158963
8.375755,0.158963
8.375145,0.158963
8.374535,0.158963
8.373924,0.158963
8.373314,0.158963
8.372703,0.158963
8.372093,0.158963
8.371483,0.158963
8.370872,0.158963
8.370262,0.158963
8.369651,0.158963
8.369041,0.158963
8.368431,0.158963
8.367820,0.158963
8.367210,0.158963
8.366600,0.158963
8.365989,0.158963
8.365379,0.158963
8.364768,0.158963
8.364158,0.158963
8.363548,0.158963
8.362937,0.158963
8.362327,0.158963
8.361716,0.158963
8.361106,0.158963
8.360496,0.158963
8.359885,0.158963
8.359275,0.158963
8.358664,0.158963
8.358054,0.158963
8.357444,0.158963
8.356833,0.158963
8.356223,0.158963
8.355613,0.158963
8.355002,0.158963
8.354392,0.158963
8.353781,0.158963
8.353171,0.158963
8.352561,0.158963
8.351950,0.158963
8.351340,0.158963
8.350729,0.158963
8.350119,0.158963
8.349509,0.158963
8.348898,0.158963
8.348288,0.158963
8.347677,0.158963
8.347067,0.158963
8.346457,0.158963
8.345846,0.158963
8.345236,0.158963
8.344626,0.158963
8.344015,0.158963
8.343405,0.158963
8.342794,0.158963
8.342184,0.158963
8.341574,0.158963
8.340963,0.158963
8.340353,0.158963
8.339742,0.158963
8.339132,0.158963
8.338522,0.158963
8.337911,0.158963
8.337301,0.158963
8.336690,0.158963
8.336080,0.158963
8.335470,0.158963
8.334859,0.158963
8.334249,0.158963
8.333639,0.158963
8.333028,0.158963
8.332418,0.158963
8.331807,0.158963
8.331197,0.158963
8.330587,0.158963
8.329976,0.158963
8.329366,0.158963
8.328755,0.158963
8.328145,0.158963
8.327535,0.158963
8.326924,0.158963
8.326314,0.158963
8.325703,0.158963
8.325093,0.158963
8.324483,0.158963
8.323872,0.158963
8.323262,0.158963
8.322652,0.158963
8.322041,0.158963
8.321431,0.158963
8.320820,0.158963
8.320210,0.158963
8.319600,0.158963
8.318989,0.158963
8.318379,0.158963
8.317768,0.158963
8.317158,0.158963
8.316548,0.158963
8.315937,0.158963
8.315327,0.158963
8.314716,0.158963
8.314106,0.158963
8.313496,0.158963
8.312885,0.158963
8.312275,0.158963
8.311665,0.158963
8.311054,0.158963
8.310444,0.158963
8.309833,0.158963
8.309223,0.158963
8.308613,0.158963
8.308002,0.158963
8.307392,0.158963
8.306781,0.158963
8.306171,0.158963
8.305561,0.158963
8.304950,0.158963
8.304340,0.158963
8.303729,0.158963
8.303119,0.158963
8.302509,0.158963
8.301898,0.158963
8.301288,0.158963
8.300678,0.158963
8.300067,0.158963
8.299457,0.158963
8.298846,0.158963
8.298236,0.158963
8.297626,0.158963
8.297015,0.158963
8.296405,0.158963
8.295794,0.158963
8.295184,0.158963
8.294574,0.158963
8.293963,0.158963
8.293353,0.158963
8.292742,0.158963
8.292132,0.158963
8.291522,0.158963
8.290911,0.158963
8.290301,0.158963
8.289691,0.158963
8.289080,0.158963
8.288470,0.158963
8.287859,0.158963
8.287249,0.158963
8.286639,0.158963
8.286028,0.158963
8.285418,0.158963
8.284807,0.158963
8.284197,0.158963
8.283587,0.158963
8.282976,0.158963
8.282366,0.158963
8.281755,0.158963
8.281145,0.158963
8.280535,0.158963
8.279924,0.158963
8.279314,0.158963
8.278704,0.158963
8.278093,0.158963
8.277483,0.158963
8.276872,0.158963
8.276262,0.158963
8.275652,0.158963
8.275041,0.158963
8.274431,0.158963
8.273820,0.158963
8.273210,0.158963
8.272600,0.158963
8.271989,0.158963
8.271379,0.158963
8.270768,0.158963
8.270158,0.158963
8.269548,0.158963
8.268937,0.158963
8.268327,0.158963
8.267717,0.158963
8.267106,0.158963
8.266496,0.158963
8.265885,0.158963
8.265275,0.158963
8.264665,0.158963
8.264054,0.158963
8.263444,0.158963
8.262833,0.158963
8.262223,0.158963
8.261613,0.158963
8.261002,0.158963
8.260392,0.158963
8.259781,0.158963
8.259171,0.158963
8.258561,0.158963
8.257950,0.158963
8.257340,0.158963
8.256730,0.158963
8.256119,0.158963
8.255509,0.158963
8.254898,0.158963
8.254288,0.158963
8.253678,0.158963
8.253067,0.158963
8.252457,0.158963
8.251846,0.158963
8.251236,0.158963
8.250626,0.158963
8.250015,0.158963
8.249405,0.158963
8.248794,0.158963
8.248184,0.158963
8.247574,0.158963
8.246963,0.158963
8.246353,0.158963
8.245743,0.158963
8.245132,0.158963
8.244522,0.158963
8.243911,0.158963
8.243301,0.158963
8.242691,0.158963
8.242080,0.158963
8.241470,0.158963
8.240859,0.158963
8.240249,0.158963
8.239639,0.158963
8.239028,0.158963
8.238418,0.158963
8.237807,0.158963
8.237197,0.158963
8.236587,0.158963
8.235976,0.158963
8.235366,0.158963
8.234756,0.158963
8.234145,0.158963
8.233535,0.158963
8.232924,0.158963
8.232314,0.158963
8.231704,0.158963
8.231093,0.158963
8.230483,0.158963
8.229872,0.158963
8.229262,0.158963
8.228652,0.158963
8.228041,0.158963
8.227431,0.158963
8.226820,0.158963
8.226210,0.158963
8.225600,0.158963
8.224989,0.158963
8.224379,0.158963
8.223769,0.158963
8.223158,0.158963
8.222548,0.158963
8.221937,0.158963
8.221327,0.158963
8.220717,0.158963
8.220106,0.158963
8.219496,0.158963
8.218885,0.158963
8.218275,0.158963
8.217665,0.158963
8.217054,0.158963
8.216444,0.158963
8.215833,0.158963
8.215223,0.158963
8.214613,0.158963
8.214002,0.158963
8.213392,0.158963
8.212782,0.158963
8.212171,0.158963
8.211561,0.158963
8.210950,0.158963
8.210340,0.158963
8.209730,0.158963
8.209119,0.158963
8.208509,0.158963
8.207898,0.158963
8.207288,0.158963
8.206678,0.158963
8.206067,0.158963
8.205457,0.158963
8.204846,0.158963
8.204236,0.158963
8.203626,0.158963
8.203015,0.158963
8.202405,0.158963
8.201795,0.158963
8.201184,0.158963
8.200574,0.158963
8.199963,0.158963
8.199353,0.158963
8.198743,0.158963
8.198132,0.158963
8.197522,0.158963
8.196911,0.158963
8.196301,0.158963
8.195691,0.158963
8.195080,0.158963
8.194470,0.158963
8.193859,0.158963
8.193249,0.158963
8.192639,0.158963
8.192028,0.158963
8.191418,0.158963
8.190808,0.158963
8.190197,0.158963
8.189587,0.158963
8.188976,0.158963
8.188366,0.158963
8.187756,0.158963
8.187145,0.158963
8.186535,0.158963
8.185924,0.158963
8.185314,0.158963
8.184704,0.158963
8.184093,0.158963
8.183483,0.158963
8.182872,0.158963
8.182262,0.158963
8.181652,0.158963
8.181041,0.158963
8.180431,0.158963
8.179821,0.158963
8.179210,0.158963
8.178600,0.158963
8.177989,0.158963
8.177379,0.158963
8.176769,0.158963
8.176158,0.158963
8.175548,0.158963
8.174937,0.158963
8.174327,0.158963
8.173717,0.158963
8.173106,0.158963
8.172496,0.158963
8.171885,0.158963
8.171275,0.158963
8.170665,0.158963
8.170054,0.158963
8.169444,0.158963
8.168834,0.158963
8.168223,0.158963
8.167613,0.158963
8.167002,0.158963
8.166392,0.158963
8.165782,0.158963
8.165171,0.158963
8.164561,0.158963
8.163950,0.158963
8.163340,0.158963
8.162730,0.158963
8.162119,0.158963
8.161509,0.158963
8.160898,0.158963
8.160288,0.158963
8.159678,0.158963
8.159067,0.158963
8.158457,0.158963
8.157847,0.158963
8.157236,0.158963
8.156626,0.158963
8.156015,0.158963
8.155405,0.158963
8.154795,0.158963
8.154184,0.158963
8.153574,0.158963
8.152963,0.158963
8.152353,0.158963
8.151743,0.158963
8.151132,0.158963
8.150522,0.158963
8.149911,0.158963
8.149301,0.158963
8.148691,0.158963
8.148080,0.158963
8.147470,0.158963
8.146860,0.158963
8.146249,0.158963
8.145639,0.158963
8.145028,0.158963
8.144418,0.158963
8.143808,0.158963
8.143197,0.158963
8.142587,0.158963
8.141976,0.158963
8.141366,0.158963
8.140756,0.158963
8.140145,0.158963
8.139535,0.158963
8.138924,0.158963
8.138314,0.158963
8.137704,0.158963
8.137093,0.158963
8.136483,0.158963
8.135873,0.158963
8.135262,0.158963
8.134652,0.158963
8.134041,0.158963
8.133431,0.158963
8.132821,0.158963
8.132210,0.158963
8.131600,0.158963
8.130989,0.158963
8.130379,0.158963
8.129769,0.158963
8.129158,0.158963
8.128548,0.158963
8.127937,0.158963
8.127327,0.158963
8.126717,0.158963
8.126106,0.158963
8.125496,0.158963
8.124886,0.158963
8.124275,0.158963
8.123665,0.158963
8.123054,0.158963
8.122444,0.158963
8.121834,0.158963
8.121223,0.158963
8.120613,0.158963
8.120002,0.158963
8.119392,0.158963
8.118782,0.158963
8.118171,0.158963
8.117561,0.158963
8.116950,0.158963
8.116340,0.158963
8.115730,0.158963
8.115119,0.158963
8.114509,0.158963
8.113899,0.158963
8.113288,0.158963
8.112678,0.158963
8.112067,0.158963
8.111457,0.158963
8.110847,0.158963
8.110236,0.158963
8.109626,0.158963
8.109015,0.158963
8.108405,0.158963
8.107795,0.158963
8.107184,0.158963
8.106574,0.158963
8.105963,0.158963
8.105353,0.158963
8.104743,0.158963
8.104132,0.158963
8.103522,0.158963
8.102912,0.158963
8.102301,0.158963
8.101691,0.158963
8.101080,0.158963
8.100470,0.158963
8.099860,0.158963
8.099249,0.158963
8.098639,0.158963
8.098028,0.158963
8.097418,0.158963
8.096808,0.158963
8.096197,0.158963
8.095587,0.158963
8.094977,0.158963
8.094366,0.158963
8.093756,0.158963
8.093145,0.158963
8.092535,0.158963
8.091925,0.158963
8.091314,0.158963
8.090704,0.158963
8.090093,0.158963
8.089483,0.158963
8.088873,0.158963
8.088262,0.158963
8.087652,0.158963
8.087041,0.158963
8.086431,0.158963
8.085821,0.158963
8.085210,0.158963
8.084600,0.158963
8.083990,0.158963
8.083379,0.158963
8.082769,0.158963
8.082158,0.158963
8.081548,0.158963
8.080938,0.158963
8.080327,0.158963
8.079717,0.158963
8.079106,0.158963
8.078496,0.158963
8.077886,0.158963
8.077275,0.158963
8.076665,0.158963
8.076054,0.158963
8.075444,0.158963
8.074834,0.158963
8.074223,0.158963
8.073613,0.158963
8.073003,0.158963
8.072392,0.158963
8.071782,0.158963
8.071171,0.158963
8.070561,0.158963
8.069951,0.158963
8.069340,0.158963
8.068730,0.158963
8.068119,0.158963
8.067509,0.158963
8.066899,0.158963
8.066288,0.158963
8.065678,0.158963
8.065067,0.158963
8.064457,0.158963
8.063847,0.158963
8.063236,0.158963
8.062626,0.158963
8.062016,0.158963
8.061405,0.158963
8.060795,0.158963
8.060184,0.158963
8.059574,0.158963
8.058964,0.158963
8.058353,0.158963
8.057743,0.158963
8.057132,0.158963
8.056522,0.158963
8.055912,0.158963
8.055301,0.158963
8.054691,0.158963
8.054080,0.158963
8.053470,0.158963
8.052860,0.158963
8.052249,0.158963
8.051639,0.158963
8.051029,0.158963
8.050418,0.158963
8.049808,0.158963
8.049197,0.158963
8.048587,0.158963
8.047977,0.158963
8.047366,0.158963
8.046756,0.158963
8.046145,0.158963
8.045535,0.158963
8.044925,0.158963
8.044314,0.158963
8.043704,0.158963
8.043093,0.158963
8.042483,0.158963
8.041873,0.158963
8.041262,0.158963
8.040652,0.158963
8.040042,0.158963
8.039431,0.158963
8.038821,0.158963
8.038210,0.158963
8.037600,0.158963
8.036990,0.158963
8.036379,0.158963
8.035769,0.158963
8.035158,0.158963
8.034548,0.158963
8.033938,0.158963
8.033327,0.158963
8.032717,0.158963
8.032106,0.158963
8.031496,0.158963
8.030886,0.158963
8.030275,0.158963
8.029665,0.158963
8.029055,0.158963
8.028444,0.158963
8.027834,0.158963
8.027223,0.158963
8.026613,0.158963
8.026003,0.158963
8.025392,0.158963
8.024782,0.158963
8.024171,0.158963
8.023561,0.158963
8.022951,0.158963
8.022340,0.158963
8.021730,0.158963
8.021119,0.158963
8.020509,0.158963
8.019899,0.158963
8.019288,0.158963
8.018678,0.158963
8.018068,0.158963
8.017457,0.158963
8.016847,0.158963
8.016236,0.158963
8.015626,0.158963
8.015016,0.158963
8.014405,0.158963
8.013795,0.158963
8.013184,0.158963
8.012574,0.158963
8.011964,0.158963
8.011353,0.158963
8.010743,0.158963
8.010132,0.158963
8.009522,0.158963
8.008912,0.158963
8.008301,0.158963
8.007691,0.158963
8.007081,0.158963
8.006470,0.158963
8.005860,0.158963
8.005249,0.158963
8.004639,0.158963
8.004029,0.158963
8.003418,0.158963
8.002808,0.158963
8.002197,0.158963
8.001587,0.158963
8.000977,0.158963
8.000366,0.158963
7.999756,0.158963
7.999145,0.158963
7.998535,0.158963
7.997925,0.158963
7.997314,0.158963
7.996704,0.158963
7.996094,0.158963
7.995483,0.158963
7.994873,0.158963
7.994262,0.158963
7.993652,0.158963
7.993042,0.158963
7.992431,0.158963
7.991821,0.158963
7.991210,0.158963
7.990600,0.158963
7.989990,0.158963
7.989379,0.158963
7.988769,0.158963
7.988158,0.158963
7.987548,0.158963
7.986938,0.158963
7.986327,0.158963
7.985717,0.158963
7.985107,0.158963
7.984496,0.158963
7.983886,0.158963
7.983275,0.158963
7.982665,0.158963
7.982055,0.158963
7.981444,0.158963
7.980834,0.158963
7.980223,0.158963
7.979613,0.158963
7.979003,0.158963
7.978392,0.158963
7.977782,0.158963
7.977171,0.158963
7.976561,0.158963
7.975951,0.158963
7.975340,0.158963
7.974730,0.158963
7.974120,0.158963
7.973509,0.158963
7.972899,0.158963
7.972288,0.158963
7.971678,0.158963
7.971068,0.158963
7.970457,0.158963
7.969847,0.158963
7.969236,0.158963
7.968626,0.158963
7.968016,0.158963
7.967405,0.158963
7.966795,0.158963
7.966184,0.158963
7.965574,0.158963
7.964964,0.158963
7.964353,0.158963
7.963743,0.158963
7.963133,0.158963
7.962522,0.158963
7.961912,0.158963
7.961301,0.158963
7.960691,0.158963
7.960081,0.158963
7.959470,0.158963
7.958860,0.158963
7.958249,0.158963
7.957639,0.158963
7.957029,0.158963
7.956418,0.158963
7.955808,0.158963
7.955197,0.158963
7.954587,0.158963
7.953977,0.158963
7.953366,0.158963
7.952756,0.158963
7.952146,0.158963
7.951535,0.158963
7.950925,0.158963
7.950314,0.158963
7.949704,0.158963
7.949094,0.158963
7.948483,0.158963
7.947873,0.158963
7.947262,0.158963
7.946652,0.158963
7.946042,0.158963
7.945431,0.158963
7.944821,0.158963
7.944210,0.158963
7.943600,0.158963
7.942990,0.158963
7.942379,0.158963
7.941769,0.158963
7.941159,0.158963
7.940548,0.158963
7.939938,0.158963
7.939327,0.158963
7.938717,0.158963
7.938107,0.158963
7.937496,0.158963
7.936886,0.158963
7.936275,0.158963
7.935665,0.158963
7.935055,0.158963
7.934444,0.158963
7.933834,0.158963
7.933223,0.158963
7.932613,0.158963
7.932003,0.158963
7.931392,0.158963
7.930782,0.158963
7.930172,0.158963
7.929561,0.158963
7.928951,0.158963
7.928340,0.158963
7.927730,0.158963
7.927120,0.158963
7.926509,0.158963
7.925899,0.158963
7.925288,0.158963
7.924678,0.158963
7.924068,0.158963
7.923457,0.158963
7.922847,0.158963
7.922236,0.158963
7.921626,0.158963
7.921016,0.158963
7.920405,0.158963
7.919795,0.158963
7.919185,0.158963
7.918574,0.158963
7.917964,0.158963
7.917353,0.158963
7.916743,0.158963
7.916133,0.158963
7.915522,0.158963
7.914912,0.158963
7.914301,0.158963
7.913691,0.158963
7.913081,0.158963
7.912470,0.158963
7.911860,0.158963
7.911249,0.158963
7.910639,0.158963
7.910029,0.158963
7.909418,0.158963
7.908808,0.158963
7.908198,0.158963
7.907587,0.158963
7.906977,0.158963
7.906366,0.158963
7.905756,0.158963
7.905146,0.158963
7.904535,0.158963
7.903925,0.158963
7.903314,0.158963
7.902704,0.158963
7.902094,0.158963
7.901483,0.158963
7.900873,0.158963
7.900262,0.158963
7.899652,0.158963
7.899042,0.158963
7.898431,0.158963
7.897821,0.158963
7.897211,0.158963
7.896600,0.158963
7.895990,0.158963
7.895379,0.158963
7.894769,0.158963
7.894159,0.158963
7.893548,0.158963
7.892938,0.158963
7.892327,0.158963
7.891717,0.158963
7.891107,0.158963
7.890496,0.158963
7.889886,0.158963
7.889275,0.158963
7.888665,0.158963
7.888055,0.158963
7.887444,0.158963
7.886834,0.158963
7.886224,0.158963
7.885613,0.158963
7.885003,0.158963
7.884392,0.158963
7.883782,0.158963
7.883172,0.158963
7.882561,0.158963
7.881951,0.158963
7.881340,0.158963
7.880730,0.158963
7.880120,0.158963
7.879509,0.158963
7.878899,0.158963
7.878288,0.158963
7.877678,0.158963
7.877068,0.158963
7.876457,0.158963
7.875847,0.158963
7.875237,0.158963
7.874626,0.158963
7.874016,0.158963
7.873405,0.158963
7.872795,0.158963
7.872185,0.158963
7.871574,0.158963
7.870964,0.158963
7.870353,0.158963
7.869743,0.158963
7.869133,0.158963
7.868522,0.158963
7.867912,0.158963
7.867301,0.158963
7.866691,0.158963
7.866081,0.158963
7.865470,0.158963
7.864860,0.158963
7.864250,0.158963
7.863639,0.158963
7.863029,0.158963
7.862418,0.158963
7.861808,0.158963
7.861198,0.158963
7.860587,0.158963
7.859977,0.158963
7.859366,0.158963
7.858756,0.158963
7.858146,0.158963
7.857535,0.158963
7.856925,0.158963
7.856314,0.158963
7.855704,0.158963
7.855094,0.158963
7.854483,0.158963
7.853873,0.158963
7.853263,0.158963
7.852652,0.158963
7.852042,0.158963
7.851431,0.158963
7.850821,0.158963
7.850211,0.158963
7.849600,0.158963
7.848990,0.158963
7.848379,0.158963
7.847769,0.158963
7.847159,0.158963
7.846548,0.158963
7.845938,0.158963
7.845327,0.158963
7.844717,0.158963
7.844107,0.158963
7.843496,0.158963
7.842886,0.158963
7.842276,0.158963
7.841665,0.158963
7.841055,0.158963
7.840444,0.158963
7.839834,0.158963
7.839224,0.158963
7.838613,0.158963
7.838003,0.158963
7.837392,0.158963
7.836782,0.158963
7.836172,0.158963
7.835561,0.158963
7.834951,0.158963
7.834340,0.158963
7.833730,0.158963
7.833120,0.158963
7.832509,0.158963
7.831899,0.158963
7.831289,0.158963
7.830678,0.158963
7.830068,0.158963
7.829457,0.158963
7.828847,0.158963
7.828237,0.158963
7.827626,0.158963
7.827016,0.158963
7.826405,0.158963
7.825795,0.158963
7.825185,0.158963
7.824574,0.158963
7.823964,0.158963
7.823353,0.158963
7.822743,0.158963
7.822133,0.158963
7.821522,0.158963
7.820912,0.158963
7.820302,0.158963
7.819691,0.158963
7.819081,0.158963
7.818470,0.158963
7.817860,0.158963
7.817250,0.158963
7.816639,0.158963
7.816029,0.158963
7.815418,0.158963
7.814808,0.158963
7.814198,0.158963
7.813587,0.158963
7.812977,0.158963
7.812366,0.158963
7.811756,0.158963
7.811146,0.158963
7.810535,0.158963
7.809925,0.158963
7.809315,0.158963
7.808704,0.158963
7.808094,0.158963
7.807483,0.158963
7.806873,0.158963
7.806263,0.158963
7.805652,0.158963
7.805042,0.158963
7.804431,0.158963
7.803821,0.158963
7.803211,0.158963
7.802600,0.158963
7.801990,0.158963
7.801379,0.158963
7.800769,0.158963
7.800159,0.158963
7.799548,0.158963
7.798938,0.158963
7.798328,0.158963
7.797717,0.158963
7.797107,0.158963
7.796496,0.158963
7.795886,0.158963
7.795276,0.158963
7.794665,0.158963
7.794055,0.158963
7.793444,0.158963
7.792834,0.158963
7.792224,0.158963
7.791613,0.158963
7.791003,0.158963
7.790392,0.158963
7.789782,0.158963
7.789172,0.158963
7.788561,0.158963
7.787951,0.158963
7.787341,0.158963
7.786730,0.158963
7.786120,0.158963
7.785509,0.158963
7.784899,0.158963
7.784289,0.158963
7.783678,0.158963
7.783068,0.158963
7.782457,0.158963
7.781847,0.158963
7.781237,0.158963
7.780626,0.158963
7.780016,0.158963
7.779405,0.158963
7.778795,0.158963
7.778185,0.158963
7.777574,0.158963
7.776964,0.158963
7.776354,0.158963
7.775743,0.158963
7.775133,0.158963
7.774522,0.158963
7.773912,0.158963
7.773302,0.158963
7.772691,0.158963
7.772081,0.158963
7.771470,0.158963
7.770860,0.158963
7.770250,0.158963
7.769639,0.158963
7.769029,0.158963
7.768418,0.158963
7.767808,0.158963
7.767198,0.158963
7.766587,0.158963
7.765977,0.158963
7.765367,0.158963
7.764756,0.158963
7.764146,0.158963
7.763535,0.158963
7.762925,0.158963
7.762315,0.158963
7.761704,0.158963
7.761094,0.158963
7.760483,0.158963
7.759873,0.158963
7.759263,0.158963
7.758652,0.158963
7.758042,0.158963
7.757431,0.158963
7.756821,0.158963
7.756211,0.158963
7.755600,0.158963
7.754990,0.158963
7.754380,0.158963
7.753769,0.158963
7.753159,0.158963
7.752548,0.158963
7.751938,0.158963
7.751328,0.158963
7.750717,0.158963
7.750107,0.158963
7.749496,0.158963
7.748886,0.158963
7.748276,0.158963
7.747665,0.158963
7.747055,0.158963
7.746444,0.158963
7.745834,0.158963
7.745224,0.158963
7.744613,0.158963
7.744003,0.158963
7.743393,0.158963
7.742782,0.158963
7.742172,0.158963
7.741561,0.158963
7.740951,0.158963
7.740341,0.158963
7.739730,0.158963
7.739120,0.158963
7.738509,0.158963
7.737899,0.158963
7.737289,0.158963
7.736678,0.158963
7.736068,0.158963
7.735457,0.158963
7.734847,0.158963
7.734237,0.158963
7.733626,0.158963
7.733016,0.158963
7.732406,0.158963
7.731795,0.158963
7.731185,0.158963
7.730574,0.158963
7.729964,0.158963
7.729354,0.158963
7.728743,0.158963
7.728133,0.158963
7.727522,0.158963
7.726912,0.158963
7.726302,0.158963
7.725691,0.158963
7.725081,0.158963
7.724470,0.158963
7.723860,0.158963
7.723250,0.158963
7.722639,0.158963
7.722029,0.158963
7.721419,0.158963
7.720808,0.158963
7.720198,0.158963
7.719587,0.158963
7.718977,0.158963
7.718367,0.158963
7.717756,0.158963
7.717146,0.158963
7.716535,0.158963
7.715925,0.158963
7.715315,0.158963
7.714704,0.158963
7.714094,0.158963
7.713483,0.158963
7.712873,0.158963
7.712263,0.158963
7.711652,0.158963
7.711042,0.158963
7.710432,0.158963
7.709821,0.158963
7.709211,0.158963
7.708600,0.158963
7.707990,0.158963
7.707380,0.158963
7.706769,0.158963
7.706159,0.158963
7.705548,0.158963
7.704938,0.158963
7.704328,0.158963
7.703717,0.158963
7.703107,0.158963
7.702496,0.158963
7.701886,0.158963
7.701276,0.158963
7.700665,0.158963
7.700055,0.158963
7.699445,0.158963
7.698834,0.158963
7.698224,0.158963
7.697613,0.158963
7.697003,0.158963
7.696393,0.158963
7.695782,0.158963
7.695172,0.158963
7.694561,0.158963
7.693951,0.158963
7.693341,0.158963
7.692730,0.158963
7.692120,0.158963
7.691509,0.158963
7.690899,0.158963
7.690289,0.158963
7.689678,0.158963
7.689068,0.158963
7.688458,0.158963
7.687847,0.158963
7.687237,0.158963
7.686626,0.158963
7.686016,0.158963
7.685406,0.158963
7.684795,0.158963
7.684185,0.158963
7.683574,0.158963
7.682964,0.158963
7.682354,0.158963
7.681743,0.158963
7.681133,0.158963
7.680522,0.158963
7.679912,0.158963
7.679302,0.158963
7.678691,0.158963
7.678081,0.158963
7.677471,0.158963
7.676860,0.158963
7.676250,0.158963
7.675639,0.158963
7.675029,0.158963
7.674419,0.158963
7.673808,0.158963
7.673198,0.158963
7.672587,0.158963
7.671977,0.158963
7.671367,0.158963
7.670756,0.158963
7.670146,0.158963
7.669535,0.158963
7.668925,0.158963
7.668315,0.158963
7.667704,0.158963
7.667094,0.158963
7.666484,0.158963
7.665873,0.158963
7.665263,0.158963
7.664652,0.158963
7.664042,0.158963
7.663432,0.158963
7.662821,0.158963
7.662211,0.158963
7.661600,0.158963
7.660990,0.158963
7.660380,0.158963
7.659769,0.158963
7.659159,0.158963
7.658548,0.158963
7.657938,0.158963
7.657328,0.158963
7.656717,0.158963
7.656107,0.158963
7.655497,0.158963
7.654886,0.158963
7.654276,0.158963
7.653665,0.158963
7.653055,0.158963
7.652445,0.158963
7.651834,0.158963
7.651224,0.158963
7.650613,0.158963
7.650003,0.158963
7.649393,0.158963
7.648782,0.158963
7.648172,0.158963
7.647561,0.158963
7.646951,0.158963
7.646341,0.158963
7.645730,0.158963
7.645120,0.158963
7.644510,0.158963
7.643899,0.158963
7.643289,0.158963
7.642678,0.158963
7.642068,0.158963
7.641458,0.158963
7.640847,0.158963
7.640237,0.158963
7.639626,0.158963
7.639016,0.158963
7.638406,0.158963
7.637795,0.158963
7.637185,0.158963
7.636574,0.158963
7.635964,0.158963
7.635354,0.158963
7.634743,0.158963
7.634133,0.158963
7.633523,0.158963
7.632912,0.158963
7.632302,0.158963
7.631691,0.158963
7.631081,0.158963
7.630471,0.158963
7.629860,0.158963
7.629250,0.158963
7.628639,0.158963
7.628029,0.158963
7.627419,0.158963
7.626808,0.158963
7.626198,0.158963
7.625587,0.158963
7.624977,0.158963
7.624367,0.158963
7.623756,0.158963
7.623146,0.158963
7.622536,0.158963
7.621925,0.158963
7.621315,0.158963
7.620704,0.158963
7.620094,0.158963
7.619484,0.158963
7.618873,0.158963
7.618263,0.158963
7.617652,0.158963
7.617042,0.158963
7.616432,0.158963
7.615821,0.158963
7.615211,0.158963
7.614601,0.158963
7.613990,0.158963
7.613380,0.158963
7.612769,0.158963
7.612159,0.158963
7.611549,0.158963
7.610938,0.158963
7.610328,0.158963
7.609717,0.158963
7.609107,0.158963
7.608497,0.158963
7.607886,0.158963
7.607276,0.158963
7.606665,0.158963
7.606055,0.158963
7.605445,0.158963
7.604834,0.158963
7.604224,0.158963
7.603614,0.158963
7.603003,0.158963
7.602393,0.158963
7.601782,0.158963
7.601172,0.158963
7.600562,0.158963
7.599951,0.158963
7.599341,0.158963
7.598730,0.158963
7.598120,0.158963
7.597510,0.158963
7.596899,0.158963
7.596289,0.158963
7.595678,0.158963
7.595068,0.158963
7.594458,0.158963
7.593847,0.158963
7.593237,0.158963
7.592627,0.158963
7.592016,0.158963
7.591406,0.158963
7.590795,0.158963
7.590185,0.158963
7.589575,0.158963
7.588964,0.158963
7.588354,0.158963
7.587743,0.158963
7.587133,0.158963
7.586523,0.158963
7.585912,0.158963
7.585302,0.158963
7.584691,0.158963
7.584081,0.158963
7.583471,0.158963
7.582860,0.158963
7.582250,0.158963
7.581640,0.158963
7.581029,0.158963
7.580419,0.158963
7.579808,0.158963
7.579198,0.158963
7.578588,0.158963
7.577977,0.158963
7.577367,0.158963
7.576756,0.158963
7.576146,0.158963
7.575536,0.158963
7.574925,0.158963
7.574315,0.158963
7.573704,0.158963
7.573094,0.158963
7.572484,0.158963
7.571873,0.158963
7.571263,0.158963
7.570653,0.158963
7.570042,0.158963
7.569432,0.158963
7.568821,0.158963
7.568211,0.158963
7.567601,0.158963
7.566990,0.158963
7.566380,0.158963
7.565769,0.158963
7.565159,0.158963
7.564549,0.158963
7.563938,0.158963
7.563328,0.158963
7.562717,0.158963
7.562107,0.158963
7.561497,0.158963
7.560886,0.158963
7.560276,0.158963
7.559666,0.158963
7.559055,0.158963
7.558445,0.158963
7.557834,0.158963
7.557224,0.158963
7.556614,0.158963
7.556003,0.158963
7.555393,0.158963
7.554782,0.158963
7.554172,0.158963
7.553562,0.158963
7.552951,0.158963
7.552341,0.158963
7.551730,0.158963
7.551120,0.158963
7.550510,0.158963
7.549899,0.158963
7.549289,0.158963
7.548679,0.158963
7.548068,0.158963
7.547458,0.158963
7.546847,0.158963
7.546237,0.158963
7.545627,0.158963
7.545016,0.158963
7.544406,0.158963
7.543795,0.158963
7.543185,0.158963
7.542575,0.158963
7.541964,0.158963
7.541354,0.158963
7.540743,0.158963
7.540133,0.158963
7.539523,0.158963
7.538912,0.158963
7.538302,0.158963
7.537692,0.158963
7.537081,0.158963
7.536471,0.158963
7.535860,0.158963
7.535250,0.158963
7.534640,0.158963
7.534029,0.158963
7.533419,0.158963
7.532808,0.158963
7.532198,0.158963
7.531588,0.158963
7.530977,0.158963
7.530367,0.158963
7.529756,0.158963
7.529146,0.158963
7.528536,0.158963
7.527925,0.158963
7.527315,0.158963
7.526705,0.158963
7.526094,0.158963
7.525484,0.158963
7.524873,0.158963
7.524263,0.158963
7.523653,0.158963
7.523042,0.158963
7.522432,0.158963
7.521821,0.158963
7.521211,0.158963
7.520601,0.158963
7.519990,0.158963
7.519380,0.158963
7.518769,0.158963
7.518159,0.158963
7.517549,0.158963
7.516938,0.158963
7.516328,0.158963
7.515718,0.158963
7.515107,0.158963
7.514497,0.158963
7.513886,0.158963
7.513276,0.158963
7.512666,0.158963
7.512055,0.158963
7.511445,0.158963
7.510834,0.158963
7.510224,0.158963
7.509614,0.158963
7.509003,0.158963
7.508393,0.158963
7.507782,0.158963
7.507172,0.158963
7.506562,0.158963
7.505951,0.158963
7.505341,0.158963
7.504731,0.158963
7.504120,0.158963
7.503510,0.158963
7.502899,0.158963
7.502289,0.158963
7.501679,0.158963
7.501068,0.158963
7.500458,0.158963
7.499847,0.158963
7.499237,0.158963
7.498627,0.158963
7.498016,0.158963
7.497406,0.158963
7.496795,0.158963
7.496185,0.158963
7.495575,0.158963
7.494964,0.158963
7.494354,0.158963
7.493744,0.158963
7.493133,0.158963
7.492523,0.158963
7.491912,0.158963
7.491302,0.158963
7.490692,0.158963
7.490081,0.158963
7.489471,0.158963
7.488860,0.158963
7.488250,0.158963
7.487640,0.158963
7.487029,0.158963
7.486419,0.158963
7.485808,0.158963
7.485198,0.158963
7.484588,0.158963
7.483977,0.158963
7.483367,0.158963
7.482757,0.158963
7.482146,0.158963
7.481536,0.158963
7.480925,0.158963
7.480315,0.158963
7.479705,0.158963
7.479094,0.158963
7.478484,0.158963
7.477873,0.158963
7.477263,0.158963
7.476653,0.158963
7.476042,0.158963
7.475432,0.158963
7.474821,0.158963
7.474211,0.158963
7.473601,0.158963
7.472990,0.158963
7.472380,0.158963
7.471770,0.158963
7.471159,0.158963
7.470549,0.158963
7.469938,0.158963
7.469328,0.158963
7.468718,0.158963
7.468107,0.158963
7.467497,0.158963
7.466886,0.158963
7.466276,0.158963
7.465666,0.158963
7.465055,0.158963
7.464445,0.158963
7.463834,0.158963
7.463224,0.158963
7.462614,0.158963
7.462003,0.158963
7.461393,0.158963
7.460783,0.158963
7.460172,0.158963
7.459562,0.158963
7.458951,0.158963
7.458341,0.158963
7.457731,0.158963
7.457120,0.158963
7.456510,0.158963
7.455899,0.158963
7.455289,0.158963
7.454679,0.158963
7.454068,0.158963
7.453458,0.158963
7.452847,0.158963
7.452237,0.158963
7.451627,0.158963
7.451016,0.158963
7.450406,0.158963
7.449796,0.158963
7.449185,0.158963
7.448575,0.158963
7.447964,0.158963
7.447354,0.158963
7.446744,0.158963
7.446133,0.158963
7.445523,0.158963
7.444912,0.158963
7.444302,0.158963
7.443692,0.158963
7.443081,0.158963
7.442471,0.158963
7.441860,0.158963
7.441250,0.158963
7.440640,0.158963
7.440029,0.158963
7.439419,0.158963
7.438809,0.158963
7.438198,0.158963
7.437588,0.158963
7.436977,0.158963
7.436367,0.158963
7.435757,0.158963
7.435146,0.158963
7.434536,0.158963
7.433925,0.158963
7.433315,0.158963
7.432705,0.158963
7.432094,0.158963
7.431484,0.158963
7.430873,0.158963
7.430263,0.158963
7.429653,0.158963
7.429042,0.158963
7.428432,0.158963
7.427822,0.158963
7.427211,0.158963
7.426601,0.158963
7.425990,0.158963
7.425380,0.158963
7.424770,0.158963
7.424159,0.158963
7.423549,0.158963
7.422938,0.158963
7.422328,0.158963
7.421718,0.158963
7.421107,0.158963
7.420497,0.158963
7.419886,0.158963
7.419276,0.158963
7.418666,0.158963
7.418055,0.158963
7.417445,0.158963
7.416835,0.158963
7.416224,0.158963
7.415614,0.158963
7.415003,0.158963
7.414393,0.158963
7.413783,0.158963
7.413172,0.158963
7.412562,0.158963
7.411951,0.158963
7.411341,0.158963
7.410731,0.158963
7.410120,0.158963
7.409510,0.158963
7.408899,0.158963
7.408289,0.158963
7.407679,0.158963
7.407068,0.158963
7.406458,0.158963
7.405848,0.158963
7.405237,0.158963
7.404627,0.158963
7.404016,0.158963
7.403406,0.158963
7.402796,0.158963
7.402185,0.158963
7.401575,0.158963
7.400964,0.158963
7.400354,0.158963
7.399744,0.158963
7.399133,0.158963
7.398523,0.158963
7.397912,0.158963
7.397302,0.158963
7.396692,0.158963
7.396081,0.158963
7.395471,0.158963
7.394861,0.158963
7.394250,0.158963
7.393640,0.158963
7.393029,0.158963
7.392419,0.158963
7.391809,0.158963
7.391198,0.158963
7.390588,0.158963
7.389977,0.158963
7.389367,0.158963
7.388757,0.158963
7.388146,0.158963
7.387536,0.158963
7.386925,0.158963
7.386315,0.158963
7.385705,0.158963
7.385094,0.158963
7.384484,0.158963
7.383874,0.158963
7.383263,0.158963
7.382653,0.158963
7.382042,0.158963
7.381432,0.158963
7.380822,0.158963
7.380211,0.158963
7.379601,0.158963
7.378990,0.158963
7.378380,0.158963
7.377770,0.158963
7.377159,0.158963
7.376549,0.158963
7.375938,0.158963
7.375328,0.158963
7.374718,0.158963
7.374107,0.158963
7.373497,0.158963
7.372887,0.158963
7.372276,0.158963
7.371666,0.158963
7.371055,0.158963
7.370445,0.158963
7.369835,0.158963
7.369224,0.158963
7.368614,0.158963
7.368003,0.158963
7.367393,0.158963
7.366783,0.158963
7.366172,0.158963
7.365562,0.158963
7.364951,0.158963
7.364341,0.158963
7.363731,0.158963
7.363120,0.158963
7.362510,0.158963
7.361900,0.158963
7.361289,0.158963
7.360679,0.158963
7.360068,0.158963
7.359458,0.158963
7.358848,0.158963
7.358237,0.158963
7.357627,0.158963
7.357016,0.158963
7.356406,0.158963
7.355796,0.158963
7.355185,0.158963
7.354575,0.158963
7.353964,0.158963
7.353354,0.158963
7.352744,0.158963
7.352133,0.158963
7.351523,0.158963
7.350913,0.158963
7.350302,0.158963
7.349692,0.158963
7.349081,0.158963
7.348471,0.158963
7.347861,0.158963
7.347250,0.158963
7.346640,0.158963
7.346029,0.158963
7.345419,0.158963
7.344809,0.158963
7.344198,0.158963
7.343588,0.158963
7.342977,0.158963
7.342367,0.158963
7.341757,0.158963
7.341146,0.158963
7.340536,0.158963
7.339926,0.158963
7.339315,0.158963
7.338705,0.158963
7.338094,0.158963
7.337484,0.158963
7.336874,0.158963
7.336263,0.158963
7.335653,0.158963
7.335042,0.158963
7.334432,0.158963
7.333822,0.158963
7.333211,0.158963
7.332601,0.158963
7.331990,0.158963
7.331380,0.158963
7.330770,0.158963
7.330159,0.158963
7.329549,0.158963
7.328939,0.158963
7.328328,0.158963
7.327718,0.158963
7.327107,0.158963
7.326497,0.158963
7.325887,0.158963
7.325276,0.158963
7.324666,0.158963
7.324055,0.158963
7.323445,0.158963
7.322835,0.158963
7.322224,0.158963
7.321614,0.158963
7.321003,0.158963
7.320393,0.158963
7.319783,0.158963
7.319172,0.158963
7.318562,0.158963
7.317952,0.158963
7.317341,0.158963
7.316731,0.158963
7.316120,0.158963
7.315510,0.158963
7.314900,0.158963
7.314289,0.158963
7.313679,0.158963
7.313068,0.158963
7.312458,0.158963
7.311848,0.158963
7.311237,0.158963
7.310627,0.158963
7.310016,0.158963
7.309406,0.158963
7.308796,0.158963
7.308185,0.158963
7.307575,0.158963
7.306965,0.158963
7.306354,0.158963
7.305744,0.158963
7.305133,0.158963
7.304523,0.158963
7.303913,0.158963
7.303302,0.158963
7.302692,0.158963
7.302081,0.158963
7.301471,0.158963
7.300861,0.158963
7.300250,0.158963
7.299640,0.158963
7.299029,0.158963
7.298419,0.158963
7.297809,0.158963
7.297198,0.158963
7.296588,0.158963
7.295978,0.158963
7.295367,0.158963
7.294757,0.158963
7.294146,0.158963
7.293536,0.158963
7.292926,0.158963
7.292315,0.158963
7.291705,0.158963
7.291094,0.158963
7.290484,0.158963
7.289874,0.158963
7.289263,0.158963
7.288653,0.158963
7.288042,0.158963
7.287432,0.158963
7.286822,0.158963
7.286211,0.158963
7.285601,0.158963
7.284991,0.158963
7.284380,0.158963
7.283770,0.158963
7.283159,0.158963
7.282549,0.158963
7.281939,0.158963
7.281328,0.158963
7.280718,0.158963
7.280107,0.158963
7.279497,0.158963
7.278887,0.158963
7.278276,0.158963
7.277666,0.158963
7.277055,0.158963
7.276445,0.158963
7.275835,0.158963
7.275224,0.158963
7.274614,0.158963
7.274004,0.158963
7.273393,0.158963
7.272783,0.158963
7.272172,0.158963
7.271562,0.158963
7.270952,0.158963
7.270341,0.158963
7.269731,0.158963
7.269120,0.158963
7.268510,0.158963
7.267900,0.158963
7.267289,0.158963
7.266679,0.158963
7.266068,0.158963
7.265458,0.158963
7.264848,0.158963
7.264237,0.158963
7.263627,0.158963
7.263017,0.158963
7.262406,0.158963
7.261796,0.158963
7.261185,0.158963
7.260575,0.158963
7.259965,0.158963
7.259354,0.158963
7.258744,0.158963
7.258133,0.158963
7.257523,0.158963
7.256913,0.158963
7.256302,0.158963
7.255692,0.158963
7.255081,0.158963
7.254471,0.158963
7.253861,0.158963
7.253250,0.158963
7.252640,0.158963
7.252030,0.158963
7.251419,0.158963
7.250809,0.158963
7.250198,0.158963
7.249588,0.158963
7.248978,0.158963
7.248367,0.158963
7.247757,0.158963
7.247146,0.158963
7.246536,0.158963
7.245926,0.158963
7.245315,0.158963
7.244705,0.158963
7.244094,0.158963
7.243484,0.158963
7.242874,0.158963
7.242263,0.158963
7.241653,0.158963
7.241043,0.158963
7.240432,0.158963
7.239822,0.158963
7.239211,0.158963
7.238601,0.158963
7.237991,0.158963
7.237380,0.158963
7.236770,0.158963
7.236159,0.158963
7.235549,0.158963
7.234939,0.158963
7.234328,0.158963
7.233718,0.158963
7.233107,0.158963
7.232497,0.158963
7.231887,0.158963
7.231276,0.158963
7.230666,0.158963
7.230056,0.158963
7.229445,0.158963
7.228835,0.158963
7.228224,0.158963
7.227614,0.158963
7.227004,0.158963
7.226393,0.158963
7.225783,0.158963
7.225172,0.158963
7.224562,0.158963
7.223952,0.158963
7.223341,0.158963
7.222731,0.158963
7.222120,0.158963
7.221510,0.158963
7.220900,0.158963
7.220289,0.158963
7.219679,0.158963
7.219069,0.158963
7.218458,0.158963
7.217848,0.158963
7.217237,0.158963
7.216627,0.158963
7.216017,0.158963
7.215406,0.158963
7.214796,0.158963
7.214185,0.158963
7.213575,0.158963
7.212965,0.158963
7.212354,0.158963
7.211744,0.158963
7.211133,0.158963
7.210523,0.158963
7.209913,0.158963
7.209302,0.158963
7.208692,0.158963
7.208082,0.158963
7.207471,0.158963
7.206861,0.158963
7.206250,0.158963
7.205640,0.158963
7.205030,0.158963
7.204419,0.158963
7.203809,0.158963
7.203198,0.158963
7.202588,0.158963
7.201978,0.158963
7.201367,0.158963
7.200757,0.158963
7.200146,0.158963
7.199536,0.158963
7.198926,0.158963
7.198315,0.158963
7.197705,0.158963
7.197095,0.158963
7.196484,0.158963
7.195874,0.158963
7.195263,0.158963
7.194653,0.158963
7.194043,0.158963
7.193432,0.158963
7.192822,0.158963
7.192211,0.158963
7.191601,0.158963
7.190991,0.158963
7.190380,0.158963
7.189770,0.158963
7.189159,0.158963
7.188549,0.158963
7.187939,0.158963
7.187328,0.158963
7.186718,0.158963
7.186108,0.158963
7.185497,0.158963
7.184887,0.158963
7.184276,0.158963
7.183666,0.158963
7.183056,0.158963
7.182445,0.158963
7.181835,0.158963
7.181224,0.158963
7.180614,0.158963
7.180004,0.158963
7.179393,0.158963
7.178783,0.158963
7.178172,0.158963
7.177562,0.158963
7.176952,0.158963
7.176341,0.158963
7.175731,0.158963
7.175121,0.158963
7.174510,0.158963
7.173900,0.158963
7.173289,0.158963
7.172679,0.158963
7.172069,0.158963
7.171458,0.158963
7.170848,0.158963
7.170237,0.158963
7.169627,0.158963
7.169017,0.158963
7.168406,0.158963
7.167796,0.158963
7.167185,0.158963
7.166575,0.158963
7.165965,0.158963
7.165354,0.158963
7.164744,0.158963
7.164134,0.158963
7.163523,0.158963
7.162913,0.158963
7.162302,0.158963
7.161692,0.158963
7.161082,0.158963
7.160471,0.158963
7.159861,0.158963
7.159250,0.158963
7.158640,0.158963
7.158030,0.158963
7.157419,0.158963
7.156809,0.158963
7.156198,0.158963
7.155588,0.158963
7.154978,0.158963
7.154367,0.158963
7.153757,0.158963
7.153147,0.158963
7.152536,0.158963
7.151926,0.158963
7.151315,0.158963
7.150705,0.158963
7.150095,0.158963
7.149484,0.158963
7.148874,0.158963
7.148263,0.158963
7.147653,0.158963
7.147043,0.158963
7.146432,0.158963
7.145822,0.158963
7.145211,0.158963
7.144601,0.158963
7.143991,0.158963
7.143380,0.158963
7.142770,0.158963
7.142160,0.158963
7.141549,0.158963
7.140939,0.158963
7.140328,0.158963
7.139718,0.158963
7.139108,0.158963
7.138497,0.158963
7.137887,0.158963
7.137276,0.158963
7.136666,0.158963
7.136056,0.158963
7.135445,0.158963
7.134835,0.158963
7.134225,0.158963
7.133614,0.158963
7.133004,0.158963
7.132393,0.158963
7.131783,0.158963
7.131173,0.158963
7.130562,0.158963
7.129952,0.158963
7.129341,0.158963
7.128731,0.158963
7.128121,0.158963
7.127510,0.158963
7.126900,0.158963
7.126289,0.158963
7.125679,0.158963
7.125069,0.158963
7.124458,0.158963
7.123848,0.158963
7.123238,0.158963
7.122627,0.158963
7.122017,0.158963
7.121406,0.158963
7.120796,0.158963
7.120186,0.158963
7.119575,0.158963
7.118965,0.158963
7.118354,0.158963
7.117744,0.158963
7.117134,0.158963
7.116523,0.158963
7.115913,0.158963
7.115302,0.158963
7.114692,0.158963
7.114082,0.158963
7.113471,0.158963
7.112861,0.158963
7.112251,0.158963
7.111640,0.158963
7.111030,0.158963
7.110419,0.158963
7.109809,0.158963
7.109199,0.158963
7.108588,0.158963
7.107978,0.158963
7.107367,0.158963
7.106757,0.158963
7.106147,0.158963
7.105536,0.158963
7.104926,0.158963
7.104315,0.158963
7.103705,0.158963
7.103095,0.158963
7.102484,0.158963
7.101874,0.158963
7.101264,0.158963
7.100653,0.158963
7.100043,0.158963
7.099432,0.158963
7.098822,0.158963
7.098212,0.158963
7.097601,0.158963
7.096991,0.158963
7.096380,0.158963
7.095770,0.158963
7.095160,0.158963
7.094549,0.158963
7.093939,0.158963
7.093328,0.158963
7.092718,0.158963
7.092108,0.158963
7.091497,0.158963
7.090887,0.158963
7.090277,0.158963
7.089666,0.158963
7.089056,0.158963
7.088445,0.158963
7.087835,0.158963
7.087225,0.158963
7.086614,0.158963
7.086004,0.158963
7.085393,0.158963
7.084783,0.158963
7.084173,0.158963
7.083562,0.158963
7.082952,0.158963
7.082341,0.158963
7.081731,0.158963
7.081121,0.158963
7.080510,0.158963
7.079900,0.158963
7.079290,0.158963
7.078679,0.158963
7.078069,0.158963
7.077458,0.158963
7.076848,0.158963
7.076238,0.158963
7.075627,0.158963
7.075017,0.158963
7.074406,0.158963
7.073796,0.158963
7.073186,0.158963
7.072575,0.158963
7.071965,0.158963
7.071354,0.158963
7.070744,0.158963
7.070134,0.158963
7.069523,0.158963
7.068913,0.158963
7.068303,0.158963
7.067692,0.158963
7.067082,0.158963
7.066471,0.158963
7.065861,0.158963
7.065251,0.158963
7.064640,0.158963
7.064030,0.158963
7.063419,0.158963
7.062809,0.158963
7.062199,0.158963
7.061588,0.158963
7.060978,0.158963
7.060367,0.158963
7.059757,0.158963
7.059147,0.158963
7.058536,0.158963
7.057926,0.158963
7.057316,0.158963
7.056705,0.158963
7.056095,0.158963
7.055484,0.158963
7.054874,0.158963
7.054264,0.158963
7.053653,0.158963
7.053043,0.158963
7.052432,0.158963
7.051822,0.158963
7.051212,0.158963
7.050601,0.158963
7.049991,0.158963
7.049380,0.158963
7.048770,0.158963
7.048160,0.158963
7.047549,0.158963
7.046939,0.158963
7.046329,0.158963
7.045718,0.158963
7.045108,0.158963
7.044497,0.158963
7.043887,0.158963
7.043277,0.158963
7.042666,0.158963
7.042056,0.158963
7.041445,0.158963
7.040835,0.158963
7.040225,0.158963
7.039614,0.158963
7.039004,0.158963
7.038393,0.158963
7.037783,0.158963
7.037173,0.158963
7.036562,0.158963
7.035952,0.158963
7.035342,0.158963
7.034731,0.158963
7.034121,0.158963
7.033510,0.158963
7.032900,0.158963
7.032290,0.158963
7.031679,0.158963
7.031069,0.158963
7.030458,0.158963
7.029848,0.158963
7.029238,0.158963
7.028627,0.158963
7.028017,0.158963
7.027406,0.158963
7.026796,0.158963
7.026186,0.158963
7.025575,0.158963
7.024965,0.158963
7.024355,0.158963
7.023744,0.158963
7.023134,0.158963
7.022523,0.158963
7.021913,0.158963
7.021303,0.158963
7.020692,0.158963
7.020082,0.158963
7.019471,0.158963
7.018861,0.158963
7.018251,0.158963
7.017640,0.158963
7.017030,0.158963
7.016419,0.158963
7.015809,0.158963
7.015199,0.158963
7.014588,0.158963
7.013978,0.158963
7.013368,0.158963
7.012757,0.158963
7.012147,0.158963
7.011536,0.158963
7.010926,0.158963
7.010316,0.158963
7.009705,0.158963
7.009095,0.158963
7.008484,0.158963
7.007874,0.158963
7.007264,0.158963
7.006653,0.158963
7.006043,0.158963
7.005432,0.158963
7.004822,0.158963
7.004212,0.158963
7.003601,0.158963
7.002991,0.158963
7.002381,0.158963
7.001770,0.158963
7.001160,0.158963
7.000549,0.158963
6.999939,0.158963
6.999329,0.158963
6.998718,0.158963
6.998108,0.158963
6.997497,0.158963
6.996887,0.158963
6.996277,0.158963
6.995666,0.158963
6.995056,0.158963
6.994445,0.158963
6.993835,0.158963
6.993225,0.158963
6.992614,0.158963
6.992004,0.158963
6.991394,0.158963
6.990783,0.158963
6.990173,0.158963
6.989562,0.158963
6.988952,0.158963
6.988342,0.158963
6.987731,0.158963
6.987121,0.158963
6.986510,0.158963
6.985900,0.158963
6.985290,0.158963
6.984679,0.158963
6.984069,0.158963
6.983458,0.158963
6.982848,0.158963
6.982238,0.158963
6.981627,0.158963
6.981017,0.158963
6.980407,0.158963
6.979796,0.158963
6.979186,0.158963
6.978575,0.158963
6.977965,0.158963
6.977355,0.158963
6.976744,0.158963
6.976134,0.158963
6.975523,0.158963
6.974913,0.158963
6.974303,0.158963
6.973692,0.158963
6.973082,0.158963
6.972471,0.158963
6.971861,0.158963
6.971251,0.158963
6.970640,0.158963
6.970030,0.158963
6.969420,0.158963
6.968809,0.158963
6.968199,0.158963
6.967588,0.158963
6.966978,0.158963
6.966368,0.158963
6.965757,0.158963
6.965147,0.158963
6.964536,0.158963
6.963926,0.158963
6.963316,0.158963
6.962705,0.158963
6.962095,0.158963
6.961484,0.158963
6.960874,0.158963
6.960264,0.158963
6.959653,0.158963
6.959043,0.158963
6.958433,0.158963
6.957822,0.158963
6.957212,0.158963
6.956601,0.158963
6.955991,0.158963
6.955381,0.158963
6.954770,0.158963
6.954160,0.158963
6.953549,0.158963
6.952939,0.158963
6.952329,0.158963
6.951718,0.158963
6.951108,0.158963
6.950497,0.158963
6.949887,0.158963
6.949277,0.158963
6.948666,0.158963
6.948056,0.158963
6.947446,0.158963
6.946835,0.158963
6.946225,0.158963
6.945614,0.158963
6.945004,0.158963
6.944394,0.158963
6.943783,0.158963
6.943173,0.158963
6.942562,0.158963
6.941952,0.158963
6.941342,0.158963
6.940731,0.158963
6.940121,0.158963
6.939510,0.158963
6.938900,0.158963
6.938290,0.158963
6.937679,0.158963
6.937069,0.158963
6.936459,0.158963
6.935848,0.158963
6.935238,0.158963
6.934627,0.158963
6.934017,0.158963
6.933407,0.158963
6.932796,0.158963
6.932186,0.158963
6.931575,0.158963
6.930965,0.158963
6.930355,0.158963
6.929744,0.158963
6.929134,0.158963
6.928523,0.158963
6.927913,0.158963
6.927303,0.158963
6.926692,0.158963
6.926082,0.158963
6.925472,0.158963
6.924861,0.158963
6.924251,0.158963
6.923640,0.158963
6.923030,0.158963
6.922420,0.158963
6.921809,0.158963
6.921199,0.158963
6.920588,0.158963
6.919978,0.158963
6.919368,0.158963
6.918757,0.158963
6.918147,0.158963
6.917536,0.158963
6.916926,0.158963
6.916316,0.158963
6.915705,0.158963
6.915095,0.158963
6.914485,0.158963
6.913874,0.158963
6.913264,0.158963
6.912653,0.158963
6.912043,0.158963
6.911433,0.158963
6.910822,0.158963
6.910212,0.158963
6.909601,0.158963
6.908991,0.158963
6.908381,0.158963
6.907770,0.158963
6.907160,0.158963
6.906549,0.158963
6.905939,0.158963
6.905329,0.158963
6.904718,0.158963
6.904108,0.158963
6.903498,0.158963
6.902887,0.158963
6.902277,0.158963
6.901666,0.158963
6.901056,0.158963
6.900446,0.158963
6.899835,0.158963
6.899225,0.158963
6.898614,0.158963
6.898004,0.158963
6.897394,0.158963
6.896783,0.158963
6.896173,0.158963
6.895562,0.158963
6.894952,0.158963
6.894342,0.158963
6.893731,0.158963
6.893121,0.158963
6.892511,0.158963
6.891900,0.158963
6.891290,0.158963
6.890679,0.158963
6.890069,0.158963
6.889459,0.158963
6.888848,0.158963
6.888238,0.158963
6.887627,0.158963
6.887017,0.158963
6.886407,0.158963
6.885796,0.158963
6.885186,0.158963
6.884575,0.158963
6.883965,0.158963
6.883355,0.158963
6.882744,0.158963
6.882134,0.158963
6.881524,0.158963
6.880913,0.158963
6.880303,0.158963
6.879692,0.158963
6.879082,0.158963
6.878472,0.158963
6.877861,0.158963
6.877251,0.158963
6.876640,0.158963
6.876030,0.158963
6.875420,0.158963
6.874809,0.158963
6.874199,0.158963
6.873588,0.158963
6.872978,0.158963
6.872368,0.158963
6.871757,0.158963
6.871147,0.158963
6.870537,0.158963
6.869926,0.158963
6.869316,0.158963
6.868705,0.158963
6.868095,0.158963
6.867485,0.158963
6.866874,0.158963
6.866264,0.158963
6.865653,0.158963
6.865043,0.158963
6.864433,0.158963
6.863822,0.158963
6.863212,0.158963
6.862601,0.158963
6.861991,0.158963
6.861381,0.158963
6.860770,0.158963
6.860160,0.158963
6.859550,0.158963
6.858939,0.158963
6.858329,0.158963
6.857718,0.158963
6.857108,0.158963
6.856498,0.158963
6.855887,0.158963
6.855277,0.158963
6.854666,0.158963
6.854056,0.158963
6.853446,0.158963
6.852835,0.158963
6.852225,0.158963
6.851614,0.158963
6.851004,0.158963
6.850394,0.158963
6.849783,0.158963
6.849173,0.158963
6.848563,0.158963
6.847952,0.158963
6.847342,0.158963
6.846731,0.158963
6.846121,0.158963
6.845511,0.158963
6.844900,0.158963
6.844290,0.158963
6.843679,0.158963
6.843069,0.158963
6.842459,0.158963
6.841848,0.158963
6.841238,0.158963
6.840627,0.158963
6.840017,0.158963
6.839407,0.158963
6.838796,0.158963
6.838186,0.158963
6.837576,0.158963
6.836965,0.158963
6.836355,0.158963
6.835744,0.158963
6.835134,0.158963
6.834524,0.158963
6.833913,0.158963
6.833303,0.158963
6.832692,0.158963
6.832082,0.158963
6.831472,0.158963
6.830861,0.158963
6.830251,0.158963
6.829640,0.158963
6.829030,0.158963
6.828420,0.158963
6.827809,0.158963
6.827199,0.158963
6.826589,0.158963
6.825978,0.158963
6.825368,0.158963
6.824757,0.158963
6.824147,0.158963
6.823537,0.158963
6.822926,0.158963
6.822316,0.158963
6.821705,0.158963
6.821095,0.158963
6.820485,0.158963
6.819874,0.158963
6.819264,0.158963
6.818653,0.158963
6.818043,0.158963
6.817433,0.158963
6.816822,0.158963
6.816212,0.158963
6.815602,0.158963
6.814991,0.158963
6.814381,0.158963
6.813770,0.158963
6.813160,0.158963
6.812550,0.158963
6.811939,0.158963
6.811329,0.158963
6.810718,0.158963
6.810108,0.158963
6.809498,0.158963
6.808887,0.158963
6.808277,0.158963
6.807666,0.158963
6.807056,0.158963
6.806446,0.158963
6.805835,0.158963
6.805225,0.158963
6.804615,0.158963
6.804004,0.158963
6.803394,0.158963
6.802783,0.158963
6.802173,0.158963
6.801563,0.158963
6.800952,0.158963
6.800342,0.158963
6.799731,0.158963
6.799121,0.158963
6.798511,0.158963
6.797900,0.158963
6.797290,0.158963
6.796679,0.158963
6.796069,0.158963
6.795459,0.158963
6.794848,0.158963
6.794238,0.158963
6.793628,0.158963
6.793017,0.158963
6.792407,0.158963
6.791796,0.158963
6.791186,0.158963
6.790576,0.158963
6.789965,0.158963
6.789355,0.158963
6.788744,0.158963
6.788134,0.158963
6.787524,0.158963
6.786913,0.158963
6.786303,0.158963
6.785692,0.158963
6.785082,0.158963
6.784472,0.158963
6.783861,0.158963
6.783251,0.158963
6.782641,0.158963
6.782030,0.158963
6.781420,0.158963
6.780809,0.158963
6.780199,0.158963
6.779589,0.158963
6.778978,0.158963
6.778368,0.158963
6.777757,0.158963
6.777147,0.158963
6.776537,0.158963
6.775926,0.158963
6.775316,0.158963
6.774705,0.158963
6.774095,0.158963
6.773485,0.158963
6.772874,0.158963
6.772264,0.158963
6.771654,0.158963
6.771043,0.158963
6.770433,0.158963
6.769822,0.158963
6.769212,0.158963
6.768602,0.158963
6.767991,0.158963
6.767381,0.158963
6.766770,0.158963
6.766160,0.158963
6.765550,0.158963
6.764939,0.158963
6.764329,0.158963
6.763718,0.158963
6.763108,0.158963
6.762498,0.158963
6.761887,0.158963
6.761277,0.158963
6.760667,0.158963
6.760056,0.158963
6.759446,0.158963
6.758835,0.158963
6.758225,0.158963
6.757615,0.158963
6.757004,0.158963
6.756394,0.158963
6.755783,0.158963
6.755173,0.158963
6.754563,0.158963
6.753952,0.158963
6.753342,0.158963
6.752731,0.158963
6.752121,0.158963
6.751511,0.158963
6.750900,0.158963
6.750290,0.158963
6.749680,0.158963
6.749069,0.158963
6.748459,0.158963
6.747848,0.158963
6.747238,0.158963
6.746628,0.158963
6.746017,0.158963
6.745407,0.158963
6.744796,0.158963
6.744186,0.158963
6.743576,0.158963
6.742965,0.158963
6.742355,0.158963
6.741744,0.158963
6.741134,0.158963
6.740524,0.158963
6.739913,0.158963
6.739303,0.158963
6.738693,0.158963
6.738082,0.158963
6.737472,0.158963
6.736861,0.158963
6.736251,0.158963
6.735641,0.158963
6.735030,0.158963
6.734420,0.158963
6.733809,0.158963
6.733199,0.158963
6.732589,0.158963
6.731978,0.158963
6.731368,0.158963
6.730757,0.158963
6.730147,0.158963
6.729537,0.158963
6.728926,0.158963
6.728316,0.158963
6.727706,0.158963
6.727095,0.158963
6.726485,0.158963
6.725874,0.158963
6.725264,0.158963
6.724654,0.158963
6.724043,0.158963
6.723433,0.158963
6.722822,0.158963
6.722212,0.158963
6.721602,0.158963
6.720991,0.158963
6.720381,0.158963
6.719770,0.158963
6.719160,0.158963
6.718550,0.158963
6.717939,0.158963
6.717329,0.158963
6.716719,0.158963
6.716108,0.158963
6.715498,0.158963
6.714887,0.158963
6.714277,0.158963
6.713667,0.158963
6.713056,0.158963
6.712446,0.158963
6.711835,0.158963
6.711225,0.158963
6.710615,0.158963
6.710004,0.158963
6.709394,0.158963
6.708783,0.158963
6.708173,0.158963
6.707563,0.158963
6.706952,0.158963
6.706342,0.158963
6.705732,0.158963
6.705121,0.158963
6.704511,0.158963
6.703900,0.158963
6.703290,0.158963
6.702680,0.158963
6.702069,0.158963
6.701459,0.158963
6.700848,0.158963
6.700238,0.158963
6.699628,0.158963
6.699017,0.158963
6.698407,0.158963
6.697796,0.158963
6.697186,0.158963
6.696576,0.158963
6.695965,0.158963
6.695355,0.158963
6.694745,0.158963
6.694134,0.158963
6.693524,0.158963
6.692913,0.158963
6.692303,0.158963
6.691693,0.158963
6.691082,0.158963
6.690472,0.158963
6.689861,0.158963
6.689251,0.158963
6.688641,0.158963
6.688030,0.158963
6.687420,0.158963
6.686809,0.158963
6.686199,0.158963
6.685589,0.158963
6.684978,0.158963
6.684368,0.158963
6.683758,0.158963
6.683147,0.158963
6.682537,0.158963
6.681926,0.158963
6.681316,0.158963
6.680706,0.158963
6.680095,0.158963
6.679485,0.158963
6.678874,0.158963
6.678264,0.158963
6.677654,0.158963
6.677043,0.158963
6.676433,0.158963
6.675822,0.158963
6.675212,0.158963
6.674602,0.158963
6.673991,0.158963
6.673381,0.158963
6.672771,0.158963
6.672160,0.158963
6.671550,0.158963
6.670939,0.158963
6.670329,0.158963
6.669719,0.158963
6.669108,0.158963
6.668498,0.158963
6.667887,0.158963
6.667277,0.158963
6.666667,0.158963
6.666056,0.158963
6.665446,0.158963
6.664836,0.158963
6.664225,0.158963
6.663615,0.158963
6.663004,0.158963
6.662394,0.158963
6.661784,0.158963
6.661173,0.158963
6.660563,0.158963
6.659952,0.158963
6.659342,0.158963
6.658732,0.158963
6.658121,0.158963
6.657511,0.158963
6.656900,0.158963
6.656290,0.158963
6.655680,0.158963
6.655069,0.158963
6.654459,0.158963
6.653849,0.158963
6.653238,0.158963
6.652628,0.158963
6.652017,0.158963
6.651407,0.158963
6.650797,0.158963
6.650186,0.158963
6.649576,0.158963
6.648965,0.158963
6.648355,0.158963
6.647745,0.158963
6.647134,0.158963
6.646524,0.158963
6.645913,0.158963
6.645303,0.158963
6.644693,0.158963
6.644082,0.158963
6.643472,0.158963
6.642862,0.158963
6.642251,0.158963
6.641641,0.158963
6.641030,0.158963
6.640420,0.158963
6.639810,0.158963
6.639199,0.158963
6.638589,0.158963
6.637978,0.158963
6.637368,0.158963
6.636758,0.158963
6.636147,0.158963
6.635537,0.158963
6.634926,0.158963
6.634316,0.158963
6.633706,0.158963
6.633095,0.158963
6.632485,0.158963
6.631875,0.158963
6.631264,0.158963
6.630654,0.158963
6.630043,0.158963
6.629433,0.158963
6.628823,0.158963
6.628212,0.158963
6.627602,0.158963
6.626991,0.158963
6.626381,0.158963
6.625771,0.158963
6.625160,0.158963
6.624550,0.158963
6.623939,0.158963
6.623329,0.158963
6.622719,0.158963
6.622108,0.158963
6.621498,0.158963
6.620888,0.158963
6.620277,0.158963
6.619667,0.158963
6.619056,0.158963
6.618446,0.158963
6.617836,0.158963
6.617225,0.158963
6.616615,0.158963
6.616004,0.158963
6.615394,0.158963
6.614784,0.158963
6.614173,0.158963
6.613563,0.158963
6.612952,0.158963
6.612342,0.158963
6.611732,0.158963
6.611121,0.158963
6.610511,0.158963
6.609901,0.158963
6.609290,0.158963
6.608680,0.158963
6.608069,0.158963
6.607459,0.158963
6.606849,0.158963
6.606238,0.158963
6.605628,0.158963
6.605017,0.158963
6.604407,0.158963
6.603797,0.158963
6.603186,0.158963
6.602576,0.158963
6.601965,0.158963
6.601355,0.158963
6.600745,0.158963
6.600134,0.158963
6.599524,0.158963
6.598914,0.158963
6.598303,0.158963
6.597693,0.158963
6.597082,0.158963
6.596472,0.158963
6.595862,0.158963
6.595251,0.158963
6.594641,0.158963
6.594030,0.158963
6.593420,0.158963
6.592810,0.158963
6.592199,0.158963
6.591589,0.158963
6.590978,0.158963
6.590368,0.158963
6.589758,0.158963
6.589147,0.158963
6.588537,0.158963
6.587927,0.158963
6.587316,0.158963
6.586706,0.158963
6.586095,0.158963
6.585485,0.158963
6.584875,0.158963
6.584264,0.158963
6.583654,0.158963
6.583043,0.158963
6.582433,0.158963
6.581823,0.158963
6.581212,0.158963
6.580602,0.158963
6.579991,0.158963
6.579381,0.158963
6.578771,0.158963
6.578160,0.158963
6.577550,0.158963
6.576940,0.158963
6.576329,0.158963
6.575719,0.158963
6.575108,0.158963
6.574498,0.158963
6.573888,0.158963
6.573277,0.158963
6.572667,0.158963
6.572056,0.158963
6.571446,0.158963
6.570836,0.158963
6.570225,0.158963
6.569615,0.158963
6.569004,0.158963
6.568394,0.158963
6.567784,0.158963
6.567173,0.158963
6.566563,0.158963
6.565953,0.158963
6.565342,0.158963
6.564732,0.158963
6.564121,0.158963
6.563511,0.158963
6.562901,0.158963
6.562290,0.158963
6.561680,0.158963
6.561069,0.158963
6.560459,0.158963
6.559849,0.158963
6.559238,0.158963
6.558628,0.158963
6.558017,0.158963
6.557407,0.158963
6.556797,0.158963
6.556186,0.158963
6.555576,0.158963
6.554966,0.158963
6.554355,0.158963
6.553745,0.158963
6.553134,0.158963
6.552524,0.158963
6.551914,0.158963
6.551303,0.158963
6.550693,0.158963
6.550082,0.158963
6.549472,0.158963
6.548862,0.158963
6.548251,0.158963
6.547641,0.158963
6.547030,0.158963
6.546420,0.158963
6.545810,0.158963
6.545199,0.158963
6.544589,0.158963
6.543979,0.158963
6.543368,0.158963
6.542758,0.158963
6.542147,0.158963
6.541537,0.158963
6.540927,0.158963
6.540316,0.158963
6.539706,0.158963
6.539095,0.158963
6.538485,0.158963
6.537875,0.158963
6.537264,0.158963
6.536654,0.158963
6.536043,0.158963
6.535433,0.158963
6.534823,0.158963
6.534212,0.158963
6.533602,0.158963
6.532992,0.158963
6.532381,0.158963
6.531771,0.158963
6.531160,0.158963
6.530550,0.158963
6.529940,0.158963
6.529329,0.158963
6.528719,0.158963
6.528108,0.158963
6.527498,0.158963
6.526888,0.158963
6.526277,0.158963
6.525667,0.158963
6.525056,0.158963
6.524446,0.158963
6.523836,0.158963
6.523225,0.158963
6.522615,0.158963
6.522005,0.158963
6.521394,0.158963
6.520784,0.158963
6.520173,0.158963
6.519563,0.158963
6.518953,0.158963
6.518342,0.158963
6.517732,0.158963
6.517121,0.158963
6.516511,0.158963
6.515901,0.158963
6.515290,0.158963
6.514680,0.158963
6.514069,0.158963
6.513459,0.158963
6.512849,0.158963
6.512238,0.158963
6.511628,0.158963
6.511018,0.158963
6.510407,0.158963
6.509797,0.158963
6.509186,0.158963
6.508576,0.158963
6.507966,0.158963
6.507355,0.158963
6.506745,0.158963
6.506134,0.158963
6.505524,0.158963
6.504914,0.158963
6.504303,0.158963
6.503693,0.158963
6.503082,0.158963
6.502472,0.158963
6.501862,0.158963
6.501251,0.158963
6.500641,0.158963
6.500031,0.158963
6.499420,0.158963
6.498810,0.158963
6.498199,0.158963
6.497589,0.158963
6.496979,0.158963
6.496368,0.158963
6.495758,0.158963
6.495147,0.158963
6.494537,0.158963
6.493927,0.158963
6.493316,0.158963
6.492706,0.158963
6.492095,0.158963
6.491485,0.158963
6.490875,0.158963
6.490264,0.158963
6.489654,0.158963
6.489044,0.158963
6.488433,0.158963
6.487823,0.158963
6.487212,0.158963
6.486602,0.158963
6.485992,0.158963
6.485381,0.158963
6.484771,0.158963
6.484160,0.158963
6.483550,0.158963
6.482940,0.158963
6.482329,0.158963
6.481719,0.158963
6.481108,0.158963
6.480498,0.158963
6.479888,0.158963
6.479277,0.158963
6.478667,0.158963
6.478057,0.158963
6.477446,0.158963
6.476836,0.158963
6.476225,0.158963
6.475615,0.158963
6.475005,0.158963
6.474394,0.158963
6.473784,0.158963
6.473173,0.158963
6.472563,0.158963
6.471953,0.158963
6.471342,0.158963
6.470732,0.158963
6.470121,0.158963
6.469511,0.158963
6.468901,0.158963
6.468290,0.158963
6.467680,0.158963
6.467070,0.158963
6.466459,0.158963
6.465849,0.158963
6.465238,0.158963
6.464628,0.158963
6.464018,0.158963
6.463407,0.158963
6.462797,0.158963
6.462186,0.158963
6.461576,0.158963
6.460966,0.158963
6.460355,0.158963
6.459745,0.158963
6.459134,0.158963
6.458524,0.158963
6.457914,0.158963
6.457303,0.158963
6.456693,0.158963
6.456083,0.158963
6.455472,0.158963
6.454862,0.158963
6.454251,0.158963
6.453641,0.158963
6.453031,0.158963
6.452420,0.158963
6.451810,0.158963
6.451199,0.158963
6.450589,0.158963
6.449979,0.158963
6.449368,0.158963
6.448758,0.158963
6.448147,0.158963
6.447537,0.158963
6.446927,0.158963
6.446316,0.158963
6.445706,0.158963
6.445096,0.158963
6.444485,0.158963
6.443875,0.158963
6.443264,0.158963
6.442654,0.158963
6.442044,0.158963
6.441433,0.158963
6.440823,0.158963
6.440212,0.158963
6.439602,0.158963
6.438992,0.158963
6.438381,0.158963
6.437771,0.158963
6.437160,0.158963
6.436550,0.158963
6.435940,0.158963
6.435329,0.158963
6.434719,0.158963
6.434109,0.158963
6.433498,0.158963
6.432888,0.158963
6.432277,0.158963
6.431667,0.158963
6.431057,0.158963
6.430446,0.158963
6.429836,0.158963
6.429225,0.158963
6.428615,0.158963
6.428005,0.158963
6.427394,0.158963
6.426784,0.158963
6.426173,0.158963
6.425563,0.158963
6.424953,0.158963
6.424342,0.158963
6.423732,0.158963
6.423122,0.158963
6.422511,0.158963
6.421901,0.158963
6.421290,0.158963
6.420680,0.158963
6.420070,0.158963
6.419459,0.158963
6.418849,0.158963
6.418238,0.158963
6.417628,0.158963
6.417018,0.158963
6.416407,0.158963
6.415797,0.158963
6.415186,0.158963
6.414576,0.158963
6.413966,0.158963
6.413355,0.158963
6.412745,0.158963
6.412135,0.158963
6.411524,0.158963
6.410914,0.158963
6.410303,0.158963
6.409693,0.158963
6.409083,0.158963
6.408472,0.158963
6.407862,0.158963
6.407251,0.158963
6.406641,0.158963
6.406031,0.158963
6.405420,0.158963
6.404810,0.158963
6.404199,0.158963
6.403589,0.158963
6.402979,0.158963
6.402368,0.158963
6.401758,0.158963
6.401148,0.158963
6.400537,0.158963
6.399927,0.158963
6.399316,0.158963
6.398706,0.158963
6.398096,0.158963
6.397485,0.158963
6.396875,0.158963
6.396264,0.158963
6.395654,0.158963
6.395044,0.158963
6.394433,0.158963
6.393823,0.158963
6.393212,0.158963
6.392602,0.158963
6.391992,0.158963
6.391381,0.158963
6.390771,0.158963
6.390161,0.158963
6.389550,0.158963
6.388940,0.158963
6.388329,0.158963
6.387719,0.158963
6.387109,0.158963
6.386498,0.158963
6.385888,0.158963
6.385277,0.158963
6.384667,0.158963
6.384057,0.158963
6.383446,0.158963
6.382836,0.158963
6.382225,0.158963
6.381615,0.158963
6.381005,0.158963
6.380394,0.158963
6.379784,0.158963
6.379174,0.158963
6.378563,0.158963
6.377953,0.158963
6.377342,0.158963
6.376732,0.158963
6.376122,0.158963
6.375511,0.158963
6.374901,0.158963
6.374290,0.158963
6.373680,0.158963
6.373070,0.158963
6.372459,0.158963
6.371849,0.158963
6.371238,0.158963
6.370628,0.158963
6.370018,0.158963
6.369407,0.158963
6.368797,0.158963
6.368187,0.158963
6.367576,0.158963
6.366966,0.158963
6.366355,0.158963
6.365745,0.158963
6.365135,0.158963
6.364524,0.158963
6.363914,0.158963
6.363303,0.158963
6.362693,0.158963
6.362083,0.158963
6.361472,0.158963
6.360862,0.158963
6.360251,0.158963
6.359641,0.158963
6.359031,0.158963
6.358420,0.158963
6.357810,0.158963
6.357200,0.158963
6.356589,0.158963
6.355979,0.158963
6.355368,0.158963
6.354758,0.158963
6.354148,0.158963
6.353537,0.158963
6.352927,0.158963
6.352316,0.158963
6.351706,0.158963
6.351096,0.158963
6.350485,0.158963
6.349875,0.158963
6.349264,0.158963
6.348654,0.158963
6.348044,0.158963
6.347433,0.158963
6.346823,0.158963
6.346213,0.158963
6.345602,0.158963
6.344992,0.158963
6.344381,0.158963
6.343771,0.158963
6.343161,0.158963
6.342550,0.158963
6.341940,0.158963
6.341329,0.158963
6.340719,0.158963
6.340109,0.158963
6.339498,0.158963
6.338888,0.158963
6.338277,0.158963
6.337667,0.158963
6.337057,0.158963
6.336446,0.158963
6.335836,0.158963
6.335226,0.158963
6.334615,0.158963
6.334005,0.158963
6.333394,0.158963
6.332784,0.158963
6.332174,0.158963
6.331563,0.158963
6.330953,0.158963
6.330342,0.158963
6.329732,0.158963
6.329122,0.158963
6.328511,0.158963
6.327901,0.158963
6.327290,0.158963
6.326680,0.158963
6.326070,0.158963
6.325459,0.158963
6.324849,0.158963
6.324239,0.158963
6.323628,0.158963
6.323018,0.158963
6.322407,0.158963
6.321797,0.158963
6.321187,0.158963
6.320576,0.158963
6.319966,0.158963
6.319355,0.158963
6.318745,0.158963
6.318135,0.158963
6.317524,0.158963
6.316914,0.158963
6.316303,0.158963
6.315693,0.158963
6.315083,0.158963
6.314472,0.158963
6.313862,0.158963
6.313252,0.158963
6.312641,0.158963
6.312031,0.158963
6.311420,0.158963
6.310810,0.158963
6.310200,0.158963
6.309589,0.158963
6.308979,0.158963
6.308368,0.158963
6.307758,0.158963
6.307148,0.158963
6.306537,0.158963
6.305927,0.158963
6.305316,0.158963
6.304706,0.158963
6.304096,0.158963
6.303485,0.158963
6.302875,0.158963
6.302265,0.158963
6.301654,0.158963
6.301044,0.158963
6.300433,0.158963
6.299823,0.158963
6.299213,0.158963
6.298602,0.158963
6.297992,0.158963
6.297381,0.158963
6.296771,0.158963
6.296161,0.158963
6.295550,0.158963
6.294940,0.158963
6.294329,0.158963
6.293719,0.158963
6.293109,0.158963
6.292498,0.158963
6.291888,0.158963
6.291278,0.158963
6.290667,0.158963
6.290057,0.158963
6.289446,0.158963
6.288836,0.158963
6.288226,0.158963
6.287615,0.158963
6.287005,0.158963
6.286394,0.158963
6.285784,0.158963
6.285174,0.158963
6.284563,0.158963
6.283953,0.158963
6.283342,0.158963
6.282732,0.158963
6.282122,0.158963
6.281511,0.158963
6.280901,0.158963
6.280291,0.158963
6.279680,0.158963
6.279070,0.158963
6.278459,0.158963
6.277849,0.158963
6.277239,0.158963
6.276628,0.158963
6.276018,0.158963
6.275407,0.158963
6.274797,0.158963
6.274187,0.158963
6.273576,0.158963
6.272966,0.158963
6.272355,0.158963
6.271745,0.158963
6.271135,0.158963
6.270524,0.158963
6.269914,0.158963
6.269304,0.158963
6.268693,0.158963
6.268083,0.158963
6.267472,0.158963
6.266862,0.158963
6.266252,0.158963
6.265641,0.158963
6.265031,0.158963
6.264420,0.158963
6.263810,0.158963
6.263200,0.158963
6.262589,0.158963
6.261979,0.158963
6.261368,0.158963
6.260758,0.158963
6.260148,0.158963
6.259537,0.158963
6.258927,0.158963
6.258317,0.158963
6.257706,0.158963
6.257096,0.158963
6.256485,0.158963
6.255875,0.158963
6.255265,0.158963
6.254654,0.158963
6.254044,0.158963
6.253433,0.158963
6.252823,0.158963
6.252213,0.158963
6.251602,0.158963
6.250992,0.158963
6.250381,0.158963
6.249771,0.158963
6.249161,0.158963
6.248550,0.158963
6.247940,0.158963
6.247330,0.158963
6.246719,0.158963
6.246109,0.158963
6.245498,0.158963
6.244888,0.158963
6.244278,0.158963
6.243667,0.158963
6.243057,0.158963
6.242446,0.158963
6.241836,0.158963
6.241226,0.158963
6.240615,0.158963
6.240005,0.158963
6.239394,0.158963
6.238784,0.158963
6.238174,0.158963
6.237563,0.158963
6.236953,0.158963
6.236343,0.158963
6.235732,0.158963
6.235122,0.158963
6.234511,0.158963
6.233901,0.158963
6.233291,0.158963
6.232680,0.158963
6.232070,0.158963
6.231459,0.158963
6.230849,0.158963
6.230239,0.158963
6.229628,0.158963
6.229018,0.158963
6.228407,0.158963
6.227797,0.158963
6.227187,0.158963
6.226576,0.158963
6.225966,0.158963
6.225356,0.158963
6.224745,0.158963
6.224135,0.158963
6.223524,0.158963
6.222914,0.158963
6.222304,0.158963
6.221693,0.158963
6.221083,0.158963
6.220472,0.158963
6.219862,0.158963
6.219252,0.158963
6.218641,0.158963
6.218031,0.158963
6.217420,0.158963
6.216810,0.158963
6.216200,0.158963
6.215589,0.158963
6.214979,0.158963
6.214369,0.158963
6.213758,0.158963
6.213148,0.158963
6.212537,0.158963
6.211927,0.158963
6.211317,0.158963
6.210706,0.158963
6.210096,0.158963
6.209485,0.158963
6.208875,0.158963
6.208265,0.158963
6.207654,0.158963
6.207044,0.158963
6.206433,0.158963
6.205823,0.158963
6.205213,0.158963
6.204602,0.158963
6.203992,0.158963
6.203382,0.158963
6.202771,0.158963
6.202161,0.158963
6.201550,0.158963
6.200940,0.158963
6.200330,0.158963
6.199719,0.158963
6.199109,0.158963
6.198498,0.158963
6.197888,0.158963
6.197278,0.158963
6.196667,0.158963
6.196057,0.158963
6.195446,0.158963
6.194836,0.158963
6.194226,0.158963
6.193615,0.158963
6.193005,0.158963
6.192395,0.158963
6.191784,0.158963
6.191174,0.158963
6.190563,0.158963
6.189953,0.158963
6.189343,0.158963
6.188732,0.158963
6.188122,0.158963
6.187511,0.158963
6.186901,0.158963
6.186291,0.158963
6.185680,0.158963
6.185070,0.158963
6.184460,0.158963
6.183849,0.158963
6.183239,0.158963
6.182628,0.158963
6.182018,0.158963
6.181408,0.158963
6.180797,0.158963
6.180187,0.158963
6.179576,0.158963
6.178966,0.158963
6.178356,0.158963
6.177745,0.158963
6.177135,0.158963
6.176524,0.158963
6.175914,0.158963
6.175304,0.158963
6.174693,0.158963
6.174083,0.158963
6.173473,0.158963
6.172862,0.158963
6.172252,0.158963
6.171641,0.158963
6.171031,0.158963
6.170421,0.158963
6.169810,0.158963
6.169200,0.158963
6.168589,0.158963
6.167979,0.158963
6.167369,0.158963
6.166758,0.158963
6.166148,0.158963
6.165537,0.158963
6.164927,0.158963
6.164317,0.158963
6.163706,0.158963
6.163096,0.158963
6.162486,0.158963
6.161875,0.158963
6.161265,0.158963
6.160654,0.158963
6.160044,0.158963
6.159434,0.158963
6.158823,0.158963
6.158213,0.158963
6.157602,0.158963
6.156992,0.158963
6.156382,0.158963
6.155771,0.158963
6.155161,0.158963
6.154550,0.158963
6.153940,0.158963
6.153330,0.158963
6.152719,0.158963
6.152109,0.158963
6.151499,0.158963
6.150888,0.158963
6.150278,0.158963
6.149667,0.158963
6.149057,0.158963
6.148447,0.158963
6.147836,0.158963
6.147226,0.158963
6.146615,0.158963
6.146005,0.158963
6.145395,0.158963
6.144784,0.158963
6.144174,0.158963
6.143563,0.158963
6.142953,0.158963
6.142343,0.158963
6.141732,0.158963
6.141122,0.158963
6.140512,0.158963
6.139901,0.158963
6.139291,0.158963
6.138680,0.158963
6.138070,0.158963
6.137460,0.158963
6.136849,0.158963
6.136239,0.158963
6.135628,0.158963
6.135018,0.158963
6.134408,0.158963
6.133797,0.158963
6.133187,0.158963
6.132576,0.158963
6.131966,0.158963
6.131356,0.158963
6.130745,0.158963
6.130135,0.158963
6.129525,0.158963
6.128914,0.158963
6.128304,0.158963
6.127693,0.158963
6.127083,0.158963
6.126473,0.158963
6.125862,0.158963
6.125252,0.158963
6.124641,0.158963
6.124031,0.158963
6.123421,0.158963
6.122810,0.158963
6.122200,0.158963
6.121589,0.158963
6.120979,0.158963
6.120369,0.158963
6.119758,0.158963
6.119148,0.158963
6.118538,0.158963
6.117927,0.158963
6.117317,0.158963
6.116706,0.158963
6.116096,0.158963
6.115486,0.158963
6.114875,0.158963
6.114265,0.158963
6.113654,0.158963
6.113044,0.158963
6.112434,0.158963
6.111823,0.158963
6.111213,0.158963
6.110602,0.158963
6.109992,0.158963
6.109382,0.158963
6.108771,0.158963
6.108161,0.158963
6.107551,0.158963
6.106940,0.158963
6.106330,0.158963
6.105719,0.158963
6.105109,0.158963
6.104499,0.158963
6.103888,0.158963
6.103278,0.158963
6.102667,0.158963
6.102057,0.158963
6.101447,0.158963
6.100836,0.158963
6.100226,0.158963
6.099615,0.158963
6.099005,0.158963
6.098395,0.158963
6.097784,0.158963
6.097174,0.158963
6.096564,0.158963
6.095953,0.158963
6.095343,0.158963
6.094732,0.158963
6.094122,0.158963
6.093512,0.158963
6.092901,0.158963
6.092291,0.158963
6.091680,0.158963
6.091070,0.158963
6.090460,0.158963
6.089849,0.158963
6.089239,0.158963
6.088628,0.158963
6.088018,0.158963
6.087408,0.158963
6.086797,0.158963
6.086187,0.158963
6.085577,0.158963
6.084966,0.158963
6.084356,0.158963
6.083745,0.158963
6.083135,0.158963
6.082525,0.158963
6.081914,0.158963
6.081304,0.158963
6.080693,0.158963
6.080083,0.158963
6.079473,0.158963
6.078862,0.158963
6.078252,0.158963
6.077641,0.158963
6.077031,0.158963
6.076421,0.158963
6.075810,0.158963
6.075200,0.158963
6.074590,0.158963
6.073979,0.158963
6.073369,0.158963
6.072758,0.158963
6.072148,0.158963
6.071538,0.158963
6.070927,0.158963
6.070317,0.158963
6.069706,0.158963
6.069096,0.158963
6.068486,0.158963
6.067875,0.158963
6.067265,0.158963
6.066654,0.158963
6.066044,0.158963
6.065434,0.158963
6.064823,0.158963
6.064213,0.158963
6.063603,0.158963
6.062992,0.158963
6.062382,0.158963
6.061771,0.158963
6.061161,0.158963
6.060551,0.158963
6.059940,0.158963
6.059330,0.158963
6.058719,0.158963
6.058109,0.158963
6.057499,0.158963
6.056888,0.158963
6.056278,0.158963
6.055667,0.158963
6.055057,0.158963
6.054447,0.158963
6.053836,0.158963
6.053226,0.158963
6.052616,0.158963
6.052005,0.158963
6.051395,0.158963
6.050784,0.158963
6.050174,0.158963
6.049564,0.158963
6.048953,0.158963
6.048343,0.158963
6.047732,0.158963
6.047122,0.158963
6.046512,0.158963
6.045901,0.158963
6.045291,0.158963
6.044680,0.158963
6.044070,0.158963
6.043460,0.158963
6.042849,0.158963
6.042239,0.158963
6.041629,0.158963
6.041018,0.158963
6.040408,0.158963
6.039797,0.158963
6.039187,0.158963
6.038577,0.158963
6.037966,0.158963
6.037356,0.158963
6.036745,0.158963
6.036135,0.158963
6.035525,0.158963
6.034914,0.158963
6.034304,0.158963
6.033693,0.158963
6.033083,0.158963
6.032473,0.158963
6.031862,0.158963
6.031252,0.158963
6.030642,0.158963
6.030031,0.158963
6.029421,0.158963
6.028810,0.158963
6.028200,0.158963
6.027590,0.158963
6.026979,0.158963
6.026369,0.158963
6.025758,0.158963
6.025148,0.158963
6.024538,0.158963
6.023927,0.158963
6.023317,0.158963
6.022706,0.158963
6.022096,0.158963
6.021486,0.158963
6.020875,0.158963
6.020265,0.158963
6.019655,0.158963
6.019044,0.158963
6.018434,0.158963
6.017823,0.158963
6.017213,0.158963
6.016603,0.158963
6.015992,0.158963
6.015382,0.158963
6.014771,0.158963
6.014161,0.158963
6.013551,0.158963
6.012940,0.158963
6.012330,0.158963
6.011719,0.158963
6.011109,0.158963
6.010499,0.158963
6.009888,0.158963
6.009278,0.158963
6.008668,0.158963
6.008057,0.158963
6.007447,0.158963
6.006836,0.158963
6.006226,0.158963
6.005616,0.158963
6.005005,0.158963
6.004395,0.158963
6.003784,0.158963
6.003174,0.158963
6.002564,0.158963
6.001953,0.158963
6.001343,0.158963
6.000732,0.158963
6.000122,0.158963
5.999512,0.158963
5.998901,0.158963
5.998291,0.158963
5.997681,0.158963
5.997070,0.158963
5.996460,0.158963
5.995849,0.158963
5.995239,0.158963
5.994629,0.158963
5.994018,0.158963
5.993408,0.158963
5.992797,0.158963
5.992187,0.158963
5.991577,0.158963
5.990966,0.158963
5.990356,0.158963
5.989745,0.158963
5.989135,0.158963
5.988525,0.158963
5.987914,0.158963
5.987304,0.158963
5.986694,0.158963
5.986083,0.158963
5.985473,0.158963
5.984862,0.158963
5.984252,0.158963
5.983642,0.158963
5.983031,0.158963
5.982421,0.158963
5.981810,0.158963
5.981200,0.158963
5.980590,0.158963
5.979979,0.158963
5.979369,0.158963
5.978758,0.158963
5.978148,0.158963
5.977538,0.158963
5.976927,0.158963
5.976317,0.158963
5.975707,0.158963
5.975096,0.158963
5.974486,0.158963
5.973875,0.158963
5.973265,0.158963
5.972655,0.158963
5.972044,0.158963
5.971434,0.158963
5.970823,0.158963
5.970213,0.158963
5.969603,0.158963
5.968992,0.158963
5.968382,0.158963
5.967771,0.158963
5.967161,0.158963
5.966551,0.158963
5.965940,0.158963
5.965330,0.158963
5.964720,0.158963
5.964109,0.158963
5.963499,0.158963
5.962888,0.158963
5.962278,0.158963
5.961668,0.158963
5.961057,0.158963
5.960447,0.158963
5.959836,0.158963
5.959226,0.158963
5.958616,0.158963
5.958005,0.158963
5.957395,0.158963
5.956784,0.158963
5.956174,0.158963
5.955564,0.158963
5.954953,0.158963
5.954343,0.158963
5.953733,0.158963
5.953122,0.158963
5.952512,0.158963
5.951901,0.158963
5.951291,0.158963
5.950681,0.158963
5.950070,0.158963
5.949460,0.158963
5.948849,0.158963
5.948239,0.158963
5.947629,0.158963
5.947018,0.158963
5.946408,0.158963
5.945797,0.158963
5.945187,0.158963
5.944577,0.158963
5.943966,0.158963
5.943356,0.158963
5.942746,0.158963
5.942135,0.158963
5.941525,0.158963
5.940914,0.158963
5.940304,0.158963
5.939694,0.158963
5.939083,0.158963
5.938473,0.158963
5.937862,0.158963
5.937252,0.158963
5.936642,0.158963
5.936031,0.158963
5.935421,0.158963
5.934810,0.158963
5.934200,0.158963
5.933590,0.158963
5.932979,0.158963
5.932369,0.158963
5.931759,0.158963
5.931148,0.158963
5.930538,0.158963
5.929927,0.158963
5.929317,0.158963
5.928707,0.158963
5.928096,0.158963
5.927486,0.158963
5.926875,0.158963
5.926265,0.158963
5.925655,0.158963
5.925044,0.158963
5.924434,0.158963
5.923823,0.158963
5.923213,0.158963
5.922603,0.158963
5.921992,0.158963
5.921382,0.158963
5.920772,0.158963
5.920161,0.158963
5.919551,0.158963
5.918940,0.158963
5.918330,0.158963
5.917720,0.158963
5.917109,0.158963
5.916499,0.158963
5.915888,0.158963
5.915278,0.158963
5.914668,0.158963
5.914057,0.158963
5.913447,0.158963
5.912836,0.158963
5.912226,0.158963
5.911616,0.158963
5.911005,0.158963
5.910395,0.158963
5.909785,0.158963
5.909174,0.158963
5.908564,0.158963
5.907953,0.158963
5.907343,0.158963
5.906733,0.158963
5.906122,0.158963
5.905512,0.158963
5.904901,0.158963
5.904291,0.158963
5.903681,0.158963
5.903070,0.158963
5.902460,0.158963
5.901849,0.158963
5.901239,0.158963
5.900629,0.158963
5.900018,0.158963
5.899408,0.158963
5.898798,0.158963
5.898187,0.158963
5.897577,0.158963
5.896966,0.158963
5.896356,0.158963
5.895746,0.158963
5.895135,0.158963
5.894525,0.158963
5.893914,0.158963
5.893304,0.158963
5.892694,0.158963
5.892083,0.158963
5.891473,0.158963
5.890862,0.158963
5.890252,0.158963
5.889642,0.158963
5.889031,0.158963
5.888421,0.158963
5.887811,0.158963
5.887200,0.158963
5.886590,0.158963
5.885979,0.158963
5.885369,0.158963
5.884759,0.158963
5.884148,0.158963
5.883538,0.158963
5.882927,0.158963
5.882317,0.158963
5.881707,0.158963
5.881096,0.158963
5.880486,0.158963
5.879875,0.158963
5.879265,0.158963
5.878655,0.158963
5.878044,0.158963
5.877434,0.158963
5.876824,0.158963
5.876213,0.158963
5.875603,0.158963
5.874992,0.158963
5.874382,0.158963
5.873772,0.158963
5.873161,0.158963
5.872551,0.158963
5.871940,0.158963
5.871330,0.158963
5.870720,0.158963
5.870109,0.158963
5.869499,0.158963
5.868888,0.158963
5.868278,0.158963
5.867668,0.158963
5.867057,0.158963
5.866447,0.158963
5.865837,0.158963
5.865226,0.158963
5.864616,0.158963
5.864005,0.158963
5.863395,0.158963
5.862785,0.158963
5.862174,0.158963
5.861564,0.158963
5.860953,0.158963
5.860343,0.158963
5.859733,0.158963
5.859122,0.158963
5.858512,0.158963
5.857901,0.158963
5.857291,0.158963
5.856681,0.158963
5.856070,0.158963
5.855460,0.158963
5.854850,0.158963
5.854239,0.158963
5.853629,0.158963
5.853018,0.158963
5.852408,0.158963
5.851798,0.158963
5.851187,0.158963
5.850577,0.158963
5.849966,0.158963
5.849356,0.158963
5.848746,0.158963
5.848135,0.158963
5.847525,0.158963
5.846914,0.158963
5.846304,0.158963
5.845694,0.158963
5.845083,0.158963
5.844473,0.158963
5.843863,0.158963
5.843252,0.158963
5.842642,0.158963
5.842031,0.158963
5.841421,0.158963
5.840811,0.158963
5.840200,0.158963
5.839590,0.158963
5.838979,0.158963
5.838369,0.158963
5.837759,0.158963
5.837148,0.158963
5.836538,0.158963
5.835927,0.158963
5.835317,0.158963
5.834707,0.158963
5.834096,0.158963
5.833486,0.158963
5.832876,0.158963
5.832265,0.158963
5.831655,0.158963
5.831044,0.158963
5.830434,0.158963
5.829824,0.158963
5.829213,0.158963
5.828603,0.158963
5.827992,0.158963
5.827382,0.158963
5.826772,0.158963
5.826161,0.158963
5.825551,0.158963
5.824940,0.158963
5.824330,0.158963
5.823720,0.158963
5.823109,0.158963
5.822499,0.158963
5.821889,0.158963
5.821278,0.158963
5.820668,0.158963
5.820057,0.158963
5.819447,0.158963
5.818837,0.158963
5.818226,0.158963
5.817616,0.158963
5.817005,0.158963
5.816395,0.158963
5.815785,0.158963
5.815174,0.158963
5.814564,0.158963
5.813953,0.158963
5.813343,0.158963
5.812733,0.158963
5.812122,0.158963
5.811512,0.158963
5.810902,0.158963
5.810291,0.158963
5.809681,0.158963
5.809070,0.158963
5.808460,0.158963
5.807850,0.158963
5.807239,0.158963
5.806629,0.158963
5.806018,0.158963
5.805408,0.158963
5.804798,0.158963
5.804187,0.158963
5.803577,0.158963
5.802966,0.158963
5.802356,0.158963
5.801746,0.158963
5.801135,0.158963
5.800525,0.158963
5.799915,0.158963
5.799304,0.158963
5.798694,0.158963
5.798083,0.158963
5.797473,0.158963
5.796863,0.158963
5.796252,0.158963
5.795642,0.158963
5.795031,0.158963
5.794421,0.158963
5.793811,0.158963
5.793200,0.158963
5.792590,0.158963
5.791979,0.158963
5.791369,0.158963
5.790759,0.158963
5.790148,0.158963
5.789538,0.158963
5.788928,0.158963
5.788317,0.158963
5.787707,0.158963
5.787096,0.158963
5.786486,0.158963
5.785876,0.158963
5.785265,0.158963
5.784655,0.158963
5.784044,0.158963
5.783434,0.158963
5.782824,0.158963
5.782213,0.158963
5.781603,0.158963
5.780992,0.158963
5.780382,0.158963
5.779772,0.158963
5.779161,0.158963
5.778551,0.158963
5.777941,0.158963
5.777330,0.158963
5.776720,0.158963
5.776109,0.158963
5.775499,0.158963
5.774889,0.158963
5.774278,0.158963
5.773668,0.158963
5.773057,0.158963
5.772447,0.158963
5.771837,0.158963
5.771226,0.158963
5.770616,0.158963
5.770005,0.158963
5.769395,0.158963
5.768785,0.158963
5.768174,0.158963
5.767564,0.158963
5.766954,0.158963
5.766343,0.158963
5.765733,0.158963
5.765122,0.158963
5.764512,0.158963
5.763902,0.158963
5.763291,0.158963
5.762681,0.158963
5.762070,0.158963
5.761460,0.158963
5.760850,0.158963
5.760239,0.158963
5.759629,0.158963
5.759018,0.158963
5.758408,0.158963
5.757798,0.158963
5.757187,0.158963
5.756577,0.158963
5.755967,0.158963
5.755356,0.158963
5.754746,0.158963
5.754135,0.158963
5.753525,0.158963
5.752915,0.158963
5.752304,0.158963
5.751694,0.158963
5.751083,0.158963
5.750473,0.158963
5.749863,0.158963
5.749252,0.158963
5.748642,0.158963
5.748031,0.158963
5.747421,0.158963
5.746811,0.158963
5.746200,0.158963
5.745590,0.158963
5.744980,0.158963
5.744369,0.158963
5.743759,0.158963
5.743148,0.158963
5.742538,0.158963
5.741928,0.158963
5.741317,0.158963
5.740707,0.158963
5.740096,0.158963
5.739486,0.158963
5.738876,0.158963
5.738265,0.158963
5.737655,0.158963
5.737044,0.158963
5.736434,0.158963
5.735824,0.158963
5.735213,0.158963
5.734603,0.158963
5.733993,0.158963
5.733382,0.158963
5.732772,0.158963
5.732161,0.158963
5.731551,0.158963
5.730941,0.158963
5.730330,0.158963
5.729720,0.158963
5.729109,0.158963
5.728499,0.158963
5.727889,0.158963
5.727278,0.158963
5.726668,0.158963
5.726057,0.158963
5.725447,0.158963
5.724837,0.158963
5.724226,0.158963
5.723616,0.158963
5.723006,0.158963
5.722395,0.158963
5.721785,0.158963
5.721174,0.158963
5.720564,0.158963
5.719954,0.158963
5.719343,0.158963
5.718733,0.158963
5.718122,0.158963
5.717512,0.158963
5.716902,0.158963
5.716291,0.158963
5.715681,0.158963
5.715070,0.158963
5.714460,0.158963
5.713850,0.158963
5.713239,0.158963
5.712629,0.158963
5.712019,0.158963
5.711408,0.158963
5.710798,0.158963
5.710187,0.158963
5.709577,0.158963
5.708967,0.158963
5.708356,0.158963
5.707746,0.158963
5.707135,0.158963
5.706525,0.158963
5.705915,0.158963
5.705304,0.158963
5.704694,0.158963
5.704084,0.158963
5.703473,0.158963
5.702863,0.158963
5.702252,0.158963
5.701642,0.158963
5.701032,0.158963
5.700421,0.158963
5.699811,0.158963
5.699200,0.158963
5.698590,0.158963
5.697980,0.158963
5.697369,0.158963
5.696759,0.158963
5.696148,0.158963
5.695538,0.158963
5.694928,0.158963
5.694317,0.158963
5.693707,0.158963
5.693097,0.158963
5.692486,0.158963
5.691876,0.158963
5.691265,0.158963
5.690655,0.158963
5.690045,0.158963
5.689434,0.158963
5.688824,0.158963
5.688213,0.158963
5.687603,0.158963
5.686993,0.158963
5.686382,0.158963
5.685772,0.158963
5.685161,0.158963
5.684551,0.158963
5.683941,0.158963
5.683330,0.158963
5.682720,0.158963
5.682110,0.158963
5.681499,0.158963
5.680889,0.158963
5.680278,0.158963
5.679668,0.158963
5.679058,0.158963
5.678447,0.158963
5.677837,0.158963
5.677226,0.158963
5.676616,0.158963
5.676006,0.158963
5.675395,0.158963
5.674785,0.158963
5.674174,0.158963
5.673564,0.158963
5.672954,0.158963
5.672343,0.158963
5.671733,0.158963
5.671123,0.158963
5.670512,0.158963
5.669902,0.158963
5.669291,0.158963
5.668681,0.158963
5.668071,0.158963
5.667460,0.158963
5.666850,0.158963
5.666239,0.158963
5.665629,0.158963
5.665019,0.158963
5.664408,0.158963
5.663798,0.158963
5.663187,0.158963
5.662577,0.158963
5.661967,0.158963
5.661356,0.158963
5.660746,0.158963
5.660136,0.158963
5.659525,0.158963
5.658915,0.158963
5.658304,0.158963
5.657694,0.158963
5.657084,0.158963
5.656473,0.158963
5.655863,0.158963
5.655252,0.158963
5.654642,0.158963
5.654032,0.158963
5.653421,0.158963
5.652811,0.158963
5.652200,0.158963
5.651590,0.158963
5.650980,0.158963
5.650369,0.158963
5.649759,0.158963
5.649149,0.158963
5.648538,0.158963
5.647928,0.158963
5.647317,0.158963
5.646707,0.158963
5.646097,0.158963
5.645486,0.158963
5.644876,0.158963
5.644265,0.158963
5.643655,0.158963
5.643045,0.158963
5.642434,0.158963
5.641824,0.158963
5.641213,0.158963
5.640603,0.158963
5.639993,0.158963
5.639382,0.158963
5.638772,0.158963
5.638162,0.158963
5.637551,0.158963
5.636941,0.158963
5.636330,0.158963
5.635720,0.158963
5.635110,0.158963
5.634499,0.158963
5.633889,0.158963
5.633278,0.158963
5.632668,0.158963
5.632058,0.158963
5.631447,0.158963
5.630837,0.158963
5.630226,0.158963
5.629616,0.158963
5.629006,0.158963
5.628395,0.158963
5.627785,0.158963
5.627175,0.158963
5.626564,0.158963
5.625954,0.158963
5.625343,0.158963
5.624733,0.158963
5.624123,0.158963
5.623512,0.158963
5.622902,0.158963
5.622291,0.158963
5.621681,0.158963
5.621071,0.158963
5.620460,0.158963
5.619850,0.158963
5.619239,0.158963
5.618629,0.158963
5.618019,0.158963
5.617408,0.158963
5.616798,0.158963
5.616188,0.158963
5.615577,0.158963
5.614967,0.158963
5.614356,0.158963
5.613746,0.158963
5.613136,0.158963
5.612525,0.158963
5.611915,0.158963
5.611304,0.158963
5.610694,0.158963
5.610084,0.158963
5.609473,0.158963
5.608863,0.158963
5.608252,0.158963
5.607642,0.158963
5.607032,0.158963
5.606421,0.158963
5.605811,0.158963
5.605201,0.158963
5.604590,0.158963
5.603980,0.158963
5.603369,0.158963
5.602759,0.158963
5.602149,0.158963
5.601538,0.158963
5.600928,0.158963
5.600317,0.158963
5.599707,0.158963
5.599097,0.158963
5.598486,0.158963
5.597876,0.158963
5.597265,0.158963
5.596655,0.158963
5.596045,0.158963
5.595434,0.158963
5.594824,0.158963
5.594214,0.158963
5.593603,0.158963
5.592993,0.158963
5.592382,0.158963
5.591772,0.158963
5.591162,0.158963
5.590551,0.158963
5.589941,0.158963
5.589330,0.158963
5.588720,0.158963
5.588110,0.158963
5.587499,0.158963
5.586889,0.158963
5.586278,0.158963
5.585668,0.158963
5.585058,0.158963
5.584447,0.158963
5.583837,0.158963
5.583227,0.158963
5.582616,0.158963
5.582006,0.158963
5.581395,0.158963
5.580785,0.158963
5.580175,0.158963
5.579564,0.158963
5.578954,0.158963
5.578343,0.158963
5.577733,0.158963
5.577123,0.158963
5.576512,0.158963
5.575902,0.158963
5.575291,0.158963
5.574681,0.158963
5.574071,0.158963
5.573460,0.158963
5.572850,0.158963
5.572240,0.158963
5.571629,0.158963
5.571019,0.158963
5.570408,0.158963
5.569798,0.158963
5.569188,0.158963
5.568577,0.158963
5.567967,0.158963
5.567356,0.158963
5.566746,0.158963
5.566136,0.158963
5.565525,0.158963
5.564915,0.158963
5.564304,0.158963
5.563694,0.158963
5.563084,0.158963
5.562473,0.158963
5.561863,0.158963
5.561253,0.158963
5.560642,0.158963
5.560032,0.158963
5.559421,0.158963
5.558811,0.158963
5.558201,0.158963
5.557590,0.158963
5.556980,0.158963
5.556369,0.158963
5.555759,0.158963
5.555149,0.158963
5.554538,0.158963
5.553928,0.158963
5.553317,0.158963
5.552707,0.158963
5.552097,0.158963
5.551486,0.158963
5.550876,0.158963
5.550266,0.158963
5.549655,0.158963
5.549045,0.158963
5.548434,0.158963
5.547824,0.158963
5.547214,0.158963
5.546603,0.158963
5.545993,0.158963
5.545382,0.158963
5.544772,0.158963
5.544162,0.158963
5.543551,0.158963
5.542941,0.158963
5.542330,0.158963
5.541720,0.158963
5.541110,0.158963
5.540499,0.158963
5.539889,0.158963
5.539279,0.158963
5.538668,0.158963
5.538058,0.158963
5.537447,0.158963
5.536837,0.158963
5.536227,0.158963
5.535616,0.158963
5.535006,0.158963
5.534395,0.158963
5.533785,0.158963
5.533175,0.158963
5.532564,0.158963
5.531954,0.158963
5.531343,0.158963
5.530733,0.158963
5.530123,0.158963
5.529512,0.158963
5.528902,0.158963
5.528292,0.158963
5.527681,0.158963
5.527071,0.158963
5.526460,0.158963
5.525850,0.158963
5.525240,0.158963
5.524629,0.158963
5.524019,0.158963
5.523408,0.158963
5.522798,0.158963
5.522188,0.158963
5.521577,0.158963
5.520967,0.158963
5.520356,0.158963
5.519746,0.158963
5.519136,0.158963
5.518525,0.158963
5.517915,0.158963
5.517305,0.158963
5.516694,0.158963
5.516084,0.158963
5.515473,0.158963
5.514863,0.158963
5.514253,0.158963
5.513642,0.158963
5.513032,0.158963
5.512421,0.158963
5.511811,0.158963
5.511201,0.158963
5.510590,0.158963
5.509980,0.158963
5.509369,0.158963
5.508759,0.158963
5.508149,0.158963
5.507538,0.158963
5.506928,0.158963
5.506318,0.158963
5.505707,0.158963
5.505097,0.158963
5.504486,0.158963
5.503876,0.158963
5.503266,0.158963
5.502655,0.158963
5.502045,0.158963
5.501434,0.158963
5.500824,0.158963
5.500214,0.158963
5.499603,0.158963
5.498993,0.158963
5.498382,0.158963
5.497772,0.158963
5.497162,0.158963
5.496551,0.158963
5.495941,0.158963
5.495331,0.158963
5.494720,0.158963
5.494110,0.158963
5.493499,0.158963
5.492889,0.158963
5.492279,0.158963
5.491668,0.158963
5.491058,0.158963
5.490447,0.158963
5.489837,0.158963
5.489227,0.158963
5.488616,0.158963
5.488006,0.158963
5.487395,0.158963
5.486785,0.158963
5.486175,0.158963
5.485564,0.158963
5.484954,0.158963
5.484344,0.158963
5.483733,0.158963
5.483123,0.158963
5.482512,0.158963
5.481902,0.158963
5.481292,0.158963
5.480681,0.158963
5.480071,0.158963
5.479460,0.158963
5.478850,0.158963
5.478240,0.158963
5.477629,0.158963
5.477019,0.158963
5.476408,0.158963
5.475798,0.158963
5.475188,0.158963
5.474577,0.158963
5.473967,0.158963
5.473357,0.158963
5.472746,0.158963
5.472136,0.158963
5.471525,0.158963
5.470915,0.158963
5.470305,0.158963
5.469694,0.158963
5.469084,0.158963
5.468473,0.158963
5.467863,0.158963
5.467253,0.158963
5.466642,0.158963
5.466032,0.158963
5.465421,0.158963
5.464811,0.158963
5.464201,0.158963
5.463590,0.158963
5.462980,0.158963
5.462370,0.158963
5.461759,0.158963
5.461149,0.158963
5.460538,0.158963
5.459928,0.158963
5.459318,0.158963
5.458707,0.158963
5.458097,0.158963
5.457486,0.158963
5.456876,0.158963
5.456266,0.158963
5.455655,0.158963
5.455045,0.158963
5.454434,0.158963
5.453824,0.158963
5.453214,0.158963
5.452603,0.158963
5.451993,0.158963
5.451383,0.158963
5.450772,0.158963
5.450162,0.158963
5.449551,0.158963
5.448941,0.158963
5.448331,0.158963
5.447720,0.158963
5.447110,0.158963
5.446499,0.158963
5.445889,0.158963
5.445279,0.158963
5.444668,0.158963
5.444058,0.158963
5.443447,0.158963
5.442837,0.158963
5.442227,0.158963
5.441616,0.158963
5.441006,0.158963
5.440396,0.158963
5.439785,0.158963
5.439175,0.158963
5.438564,0.158963
5.437954,0.158963
5.437344,0.158963
5.436733,0.158963
5.436123,0.158963
5.435512,0.158963
5.434902,0.158963
5.434292,0.158963
5.433681,0.158963
5.433071,0.158963
5.432460,0.158963
5.431850,0.158963
5.431240,0.158963
5.430629,0.158963
5.430019,0.158963
5.429409,0.158963
5.428798,0.158963
5.428188,0.158963
5.427577,0.158963
5.426967,0.158963
5.426357,0.158963
5.425746,0.158963
5.425136,0.158963
5.424525,0.158963
5.423915,0.158963
5.423305,0.158963
5.422694,0.158963
5.422084,0.158963
5.421473,0.158963
5.420863,0.158963
5.420253,0.158963
5.419642,0.158963
5.419032,0.158963
5.418422,0.158963
5.417811,0.158963
5.417201,0.158963
5.416590,0.158963
5.415980,0.158963
5.415370,0.158963
5.414759,0.158963
5.414149,0.158963
5.413538,0.158963
5.412928,0.158963
5.412318,0.158963
5.411707,0.158963
5.411097,0.158963
5.410486,0.158963
5.409876,0.158963
5.409266,0.158963
5.408655,0.158963
5.408045,0.158963
5.407435,0.158963
5.406824,0.158963
5.406214,0.158963
5.405603,0.158963
5.404993,0.158963
5.404383,0.158963
5.403772,0.158963
5.403162,0.158963
5.402551,0.158963
5.401941,0.158963
5.401331,0.158963
5.400720,0.158963
5.400110,0.158963
5.399499,0.158963
5.398889,0.158963
5.398279,0.158963
5.397668,0.158963
5.397058,0.158963
5.396448,0.158963
5.395837,0.158963
5.395227,0.158963
5.394616,0.158963
5.394006,0.158963
5.393396,0.158963
5.392785,0.158963
5.392175,0.158963
5.391564,0.158963
5.390954,0.158963
5.390344,0.158963
5.389733,0.158963
5.389123,0.158963
5.388512,0.158963
5.387902,0.158963
5.387292,0.158963
5.386681,0.158963
5.386071,0.158963
5.385461,0.158963
5.384850,0.158963
5.384240,0.158963
5.383629,0.158963
5.383019,0.158963
5.382409,0.158963
5.381798,0.158963
5.381188,0.158963
5.380577,0.158963
5.379967,0.158963
5.379357,0.158963
5.378746,0.158963
5.378136,0.158963
5.377525,0.158963
5.376915,0.158963
5.376305,0.158963
5.375694,0.158963
5.375084,0.158963
5.374474,0.158963
5.373863,0.158963
5.373253,0.158963
5.372642,0.158963
5.372032,0.158963
5.371422,0.158963
5.370811,0.158963
5.370201,0.158963
5.369590,0.158963
5.368980,0.158963
5.368370,0.158963
5.367759,0.158963
5.367149,0.158963
5.366538,0.158963
5.365928,0.158963
5.365318,0.158963
5.364707,0.158963
5.364097,0.158963
5.363487,0.158963
5.362876,0.158963
5.362266,0.158963
5.361655,0.158963
5.361045,0.158963
5.360435,0.158963
5.359824,0.158963
5.359214,0.158963
5.358603,0.158963
5.357993,0.158963
5.357383,0.158963
5.356772,0.158963
5.356162,0.158963
5.355551,0.158963
5.354941,0.158963
5.354331,0.158963
5.353720,0.158963
5.353110,0.158963
5.352500,0.158963
5.351889,0.158963
5.351279,0.158963
5.350668,0.158963
5.350058,0.158963
5.349448,0.158963
5.348837,0.158963
5.348227,0.158963
5.347616,0.158963
5.347006,0.158963
5.346396,0.158963
5.345785,0.158963
5.345175,0.158963
5.344564,0.158963
5.343954,0.158963
5.343344,0.158963
5.342733,0.158963
5.342123,0.158963
5.341513,0.158963
5.340902,0.158963
5.340292,0.158963
5.339681,0.158963
5.339071,0.158963
5.338461,0.158963
5.337850,0.158963
5.337240,0.158963
5.336629,0.158963
5.336019,0.158963
5.335409,0.158963
5.334798,0.158963
5.334188,0.158963
5.333577,0.158963
5.332967,0.158963
5.332357,0.158963
5.331746,0.158963
5.331136,0.158963
5.330526,0.158963
5.329915,0.158963
5.329305,0.158963
5.328694,0.158963
5.328084,0.158963
5.327474,0.158963
5.326863,0.158963
5.326253,0.158963
5.325642,0.158963
5.325032,0.158963
5.324422,0.158963
5.323811,0.158963
5.323201,0.158963
5.322590,0.158963
5.321980,0.158963
5.321370,0.158963
5.320759,0.158963
5.320149,0.158963
5.319539,0.158963
5.318928,0.158963
5.318318,0.158963
5.317707,0.158963
5.317097,0.158963
5.316487,0.158963
5.315876,0.158963
5.315266,0.158963
5.314655,0.158963
5.314045,0.158963
5.313435,0.158963
5.312824,0.158963
5.312214,0.158963
5.311603,0.158963
5.310993,0.158963
5.310383,0.158963
5.309772,0.158963
5.309162,0.158963
5.308552,0.158963
5.307941,0.158963
5.307331,0.158963
5.306720,0.158963
5.306110,0.158963
5.305500,0.158963
5.304889,0.158963
5.304279,0.158963
5.303668,0.158963
5.303058,0.158963
5.302448,0.158963
5.301837,0.158963
5.301227,0.158963
5.300616,0.158963
5.300006,0.158963
5.299396,0.158963
5.298785,0.158963
5.298175,0.158963
5.297565,0.158963
5.296954,0.158963
5.296344,0.158963
5.295733,0.158963
5.295123,0.158963
5.294513,0.158963
5.293902,0.158963
5.293292,0.158963
5.292681,0.158963
5.292071,0.158963
5.291461,0.158963
5.290850,0.158963
5.290240,0.158963
5.289629,0.158963
5.289019,0.158963
5.288409,0.158963
5.287798,0.158963
5.287188,0.158963
5.286578,0.158963
5.285967,0.158963
5.285357,0.158963
5.284746,0.158963
5.284136,0.158963
5.283526,0.158963
5.282915,0.158963
5.282305,0.158963
5.281694,0.158963
5.281084,0.158963
5.280474,0.158963
5.279863,0.158963
5.279253,0.158963
5.278642,0.158963
5.278032,0.158963
5.277422,0.158963
5.276811,0.158963
5.276201,0.158963
5.275591,0.158963
5.274980,0.158963
5.274370,0.158963
5.273759,0.158963
5.273149,0.158963
5.272539,0.158963
5.271928,0.158963
5.271318,0.158963
5.270707,0.158963
5.270097,0.158963
5.269487,0.158963
5.268876,0.158963
5.268266,0.158963
5.267655,0.158963
5.267045,0.158963
5.266435,0.158963
5.265824,0.158963
5.265214,0.158963
5.264604,0.158963
5.263993,0.158963
5.263383,0.158963
5.262772,0.158963
5.262162,0.158963
5.261552,0.158963
5.260941,0.158963
5.260331,0.158963
5.259720,0.158963
5.259110,0.158963
5.258500,0.158963
5.257889,0.158963
5.257279,0.158963
5.256668,0.158963
5.256058,0.158963
5.255448,0.158963
5.254837,0.158963
5.254227,0.158963
5.253617,0.158963
5.253006,0.158963
5.252396,0.158963
5.251785,0.158963
5.251175,0.158963
5.250565,0.158963
5.249954,0.158963
5.249344,0.158963
5.248733,0.158963
5.248123,0.158963
5.247513,0.158963
5.246902,0.158963
5.246292,0.158963
5.245681,0.158963
5.245071,0.158963
5.244461,0.158963
5.243850,0.158963
5.243240,0.158963
5.242630,0.158963
5.242019,0.158963
5.241409,0.158963
5.240798,0.158963
5.240188,0.158963
5.239578,0.158963
5.238967,0.158963
5.238357,0.158963
5.237746,0.158963
5.237136,0.158963
5.236526,0.158963
5.235915,0.158963
5.235305,0.158963
5.234695,0.158963
5.234084,0.158963
5.233474,0.158963
5.232863,0.158963
5.232253,0.158963
5.231643,0.158963
5.231032,0.158963
5.230422,0.158963
5.229811,0.158963
5.229201,0.158963
5.228591,0.158963
5.227980,0.158963
5.227370,0.158963
5.226759,0.158963
5.226149,0.158963
5.225539,0.158963
5.224928,0.158963
5.224318,0.158963
5.223708,0.158963
5.223097,0.158963
5.222487,0.158963
5.221876,0.158963
5.221266,0.158963
5.220656,0.158963
5.220045,0.158963
5.219435,0.158963
5.218824,0.158963
5.218214,0.158963
5.217604,0.158963
5.216993,0.158963
5.216383,0.158963
5.215772,0.158963
5.215162,0.158963
5.214552,0.158963
5.213941,0.158963
5.213331,0.158963
5.212721,0.158963
5.212110,0.158963
5.211500,0.158963
5.210889,0.158963
5.210279,0.158963
5.209669,0.158963
5.209058,0.158963
5.208448,0.158963
5.207837,0.158963
5.207227,0.158963
5.206617,0.158963
5.206006,0.158963
5.205396,0.158963
5.204785,0.158963
5.204175,0.158963
5.203565,0.158963
5.202954,0.158963
5.202344,0.158963
5.201734,0.158963
5.201123,0.158963
5.200513,0.158963
5.199902,0.158963
5.199292,0.158963
5.198682,0.158963
5.198071,0.158963
5.197461,0.158963
5.196850,0.158963
5.196240,0.158963
5.195630,0.158963
5.195019,0.158963
5.194409,0.158963
5.193798,0.158963
5.193188,0.158963
5.192578,0.158963
5.191967,0.158963
5.191357,0.158963
5.190747,0.158963
5.190136,0.158963
5.189526,0.158963
5.188915,0.158963
5.188305,0.158963
5.187695,0.158963
5.187084,0.158963
5.186474,0.158963
5.185863,0.158963
5.185253,0.158963
5.184643,0.158963
5.184032,0.158963
5.183422,0.158963
5.182811,0.158963
5.182201,0.158963
5.181591,0.158963
5.180980,0.158963
5.180370,0.158963
5.179760,0.158963
5.179149,0.158963
5.178539,0.158963
5.177928,0.158963
5.177318,0.158963
5.176708,0.158963
5.176097,0.158963
5.175487,0.158963
5.174876,0.158963
5.174266,0.158963
5.173656,0.158963
5.173045,0.158963
5.172435,0.158963
5.171824,0.158963
5.171214,0.158963
5.170604,0.158963
5.169993,0.158963
5.169383,0.158963
5.168773,0.158963
5.168162,0.158963
5.167552,0.158963
5.166941,0.158963
5.166331,0.158963
5.165721,0.158963
5.165110,0.158963
5.164500,0.158963
5.163889,0.158963
5.163279,0.158963
5.162669,0.158963
5.162058,0.158963
5.161448,0.158963
5.160837,0.158963
5.160227,0.158963
5.159617,0.158963
5.159006,0.158963
5.158396,0.158963
5.157786,0.158963
5.157175,0.158963
5.156565,0.158963
5.155954,0.158963
5.155344,0.158963
5.154734,0.158963
5.154123,0.158963
5.153513,0.158963
5.152902,0.158963
5.152292,0.158963
5.151682,0.158963
5.151071,0.158963
5.150461,0.158963
5.149850,0.158963
5.149240,0.158963
5.148630,0.158963
5.148019,0.158963
5.147409,0.158963
5.146799,0.158963
5.146188,0.158963
5.145578,0.158963
5.144967,0.158963
5.144357,0.158963
5.143747,0.158963
5.143136,0.158963
5.142526,0.158963
5.141915,0.158963
5.141305,0.158963
5.140695,0.158963
5.140084,0.158963
5.139474,0.158963
5.138863,0.158963
5.138253,0.158963
5.137643,0.158963
5.137032,0.158963
5.136422,0.158963
5.135812,0.158963
5.135201,0.158963
5.134591,0.158963
5.133980,0.158963
5.133370,0.158963
5.132760,0.158963
5.132149,0.158963
5.131539,0.158963
5.130928,0.158963
5.130318,0.158963
5.129708,0.158963
5.129097,0.158963
5.128487,0.158963
5.127876,0.158963
5.127266,0.158963
5.126656,0.158963
5.126045,0.158963
5.125435,0.158963
5.124825,0.158963
5.124214,0.158963
5.123604,0.158963
5.122993,0.158963
5.122383,0.158963
5.121773,0.158963
5.121162,0.158963
5.120552,0.158963
5.119941,0.158963
5.119331,0.158963
5.118721,0.158963
5.118110,0.158963
5.117500,0.158963
5.116889,0.158963
5.116279,0.158963
5.115669,0.158963
5.115058,0.158963
5.114448,0.158963
5.113838,0.158963
5.113227,0.158963
5.112617,0.158963
5.112006,0.158963
5.111396,0.158963
5.110786,0.158963
5.110175,0.158963
5.109565,0.158963
5.108954,0.158963
5.108344,0.158963
5.107734,0.158963
5.107123,0.158963
5.106513,0.158963
5.105902,0.158963
5.105292,0.158963
5.104682,0.158963
5.104071,0.158963
5.103461,0.158963
5.102851,0.158963
5.102240,0.158963
5.101630,0.158963
5.101019,0.158963
5.100409,0.158963
5.099799,0.158963
5.099188,0.158963
5.098578,0.158963
5.097967,0.158963
5.097357,0.158963
5.096747,0.158963
5.096136,0.158963
5.095526,0.158963
5.094915,0.158963
5.094305,0.158963
5.093695,0.158963
5.093084,0.158963
5.092474,0.158963
5.091864,0.158963
5.091253,0.158963
5.090643,0.158963
5.090032,0.158963
5.089422,0.158963
5.088812,0.158963
5.088201,0.158963
5.087591,0.158963
5.086980,0.158963
5.086370,0.158963
5.085760,0.158963
5.085149,0.158963
5.084539,0.158963
5.083928,0.158963
5.083318,0.158963
5.082708,0.158963
5.082097,0.158963
5.081487,0.158963
5.080877,0.158963
5.080266,0.158963
5.079656,0.158963
5.079045,0.158963
5.078435,0.158963
5.077825,0.158963
5.077214,0.158963
5.076604,0.158963
5.075993,0.158963
5.075383,0.158963
5.074773,0.158963
5.074162,0.158963
5.073552,0.158963
5.072941,0.158963
5.072331,0.158963
5.071721,0.158963
5.071110,0.158963
5.070500,0.158963
5.069890,0.158963
5.069279,0.158963
5.068669,0.158963
5.068058,0.158963
5.067448,0.158963
5.066838,0.158963
5.066227,0.158963
5.065617,0.158963
5.065006,0.158963
5.064396,0.158963
5.063786,0.158963
5.063175,0.158963
5.062565,0.158963
5.061954,0.158963
5.061344,0.158963
5.060734,0.158963
5.060123,0.158963
5.059513,0.158963
5.058903,0.158963
5.058292,0.158963
5.057682,0.158963
5.057071,0.158963
5.056461,0.158963
5.055851,0.158963
5.055240,0.158963
5.054630,0.158963
5.054019,0.158963
5.053409,0.158963
5.052799,0.158963
5.052188,0.158963
5.051578,0.158963
5.050967,0.158963
5.050357,0.158963
5.049747,0.158963
5.049136,0.158963
5.048526,0.158963
5.047916,0.158963
5.047305,0.158963
5.046695,0.158963
5.046084,0.158963
5.045474,0.158963
5.044864,0.158963
5.044253,0.158963
5.043643,0.158963
5.043032,0.158963
5.042422,0.158963
5.041812,0.158963
5.041201,0.158963
5.040591,0.158963
5.039980,0.158963
5.039370,0.158963
5.038760,0.158963
5.038149,0.158963
5.037539,0.158963
5.036929,0.158963
5.036318,0.158963
5.035708,0.158963
5.035097,0.158963
5.034487,0.158963
5.033877,0.158963
5.033266,0.158963
5.032656,0.158963
5.032045,0.158963
5.031435,0.158963
5.030825,0.158963
5.030214,0.158963
5.029604,0.158963
5.028993,0.158963
5.028383,0.158963
5.027773,0.158963
5.027162,0.158963
5.026552,0.158963
5.025942,0.158963
5.025331,0.158963
5.024721,0.158963
5.024110,0.158963
5.023500,0.158963
5.022890,0.158963
5.022279,0.158963
5.021669,0.158963
5.021058,0.158963
5.020448,0.158963
5.019838,0.158963
5.019227,0.158963
5.018617,0.158963
5.018006,0.158963
5.017396,0.158963
5.016786,0.158963
5.016175,0.158963
5.015565,0.158963
5.014955,0.158963
5.014344,0.158963
5.013734,0.158963
5.013123,0.158963
5.012513,0.158963
5.011903,0.158963
5.011292,0.158963
5.010682,0.158963
5.010071,0.158963
5.009461,0.158963
5.008851,0.158963
5.008240,0.158963
5.007630,0.158963
5.007019,0.158963
5.006409,0.158963
5.005799,0.158963
5.005188,0.158963
5.004578,0.158963
5.003968,0.158963
5.003357,0.158963
5.002747,0.158963
5.002136,0.158963
5.001526,0.158963
5.000916,0.158963
5.000305,0.158963
4.999695,0.158963
4.999084,0.158963
4.998474,0.158963
4.997864,0.158963
4.997253,0.158963
4.996643,0.158963
4.996032,0.158963
4.995422,0.158963
4.994812,0.158963
4.994201,0.158963
4.993591,0.158963
4.992981,0.158963
4.992370,0.158963
4.991760,0.158963
4.991149,0.158963
4.990539,0.158963
4.989929,0.158963
4.989318,0.158963
4.988708,0.158963
4.988097,0.158963
4.987487,0.158963
4.986877,0.158963
4.986266,0.158963
4.985656,0.158963
4.985045,0.158963
4.984435,0.158963
4.983825,0.158963
4.983214,0.158963
4.982604,0.158963
4.981994,0.158963
4.981383,0.158963
4.980773,0.158963
4.980162,0.158963
4.979552,0.158963
4.978942,0.158963
4.978331,0.158963
4.977721,0.158963
4.977110,0.158963
4.976500,0.158963
4.975890,0.158963
4.975279,0.158963
4.974669,0.158963
4.974058,0.158963
4.973448,0.158963
4.972838,0.158963
4.972227,0.158963
4.971617,0.158963
4.971007,0.158963
4.970396,0.158963
4.969786,0.158963
4.969175,0.158963
4.968565,0.158963
4.967955,0.158963
4.967344,0.158963
4.966734,0.158963
4.966123,0.158963
4.965513,0.158963
4.964903,0.158963
4.964292,0.158963
4.963682,0.158963
4.963071,0.158963
4.962461,0.158963
4.961851,0.158963
4.961240,0.158963
4.960630,0.158963
4.960020,0.158963
4.959409,0.158963
4.958799,0.158963
4.958188,0.158963
4.957578,0.158963
4.956968,0.158963
4.956357,0.158963
4.955747,0.158963
4.955136,0.158963
4.954526,0.158963
4.953916,0.158963
4.953305,0.158963
4.952695,0.158963
4.952084,0.158963
4.951474,0.158963
4.950864,0.158963
4.950253,0.158963
4.949643,0.158963
4.949033,0.158963
4.948422,0.158963
4.947812,0.158963
4.947201,0.158963
4.946591,0.158963
4.945981,0.158963
4.945370,0.158963
4.944760,0.158963
4.944149,0.158963
4.943539,0.158963
4.942929,0.158963
4.942318,0.158963
4.941708,0.158963
4.941097,0.158963
4.940487,0.158963
4.939877,0.158963
4.939266,0.158963
4.938656,0.158963
4.938046,0.158963
4.937435,0.158963
4.936825,0.158963
4.936214,0.158963
4.935604,0.158963
4.934994,0.158963
4.934383,0.158963
4.933773,0.158963
4.933162,0.158963
4.932552,0.158963
4.931942,0.158963
4.931331,0.158963
4.930721,0.158963
4.930110,0.158963
4.929500,0.158963
4.928890,0.158963
4.928279,0.158963
4.927669,0.158963
4.927059,0.158963
4.926448,0.158963
4.925838,0.158963
4.925227,0.158963
4.924617,0.158963
4.924007,0.158963
4.923396,0.158963
4.922786,0.158963
4.922175,0.158963
4.921565,0.158963
4.920955,0.158963
4.920344,0.158963
4.919734,0.158963
4.919123,0.158963
4.918513,0.158963
4.917903,0.158963
4.917292,0.158963
4.916682,0.158963
4.916072,0.158963
4.915461,0.158963
4.914851,0.158963
4.914240,0.158963
4.913630,0.158963
4.913020,0.158963
4.912409,0.158963
4.911799,0.158963
4.911188,0.158963
4.910578,0.158963
4.909968,0.158963
4.909357,0.158963
4.908747,0.158963
4.908136,0.158963
4.907526,0.158963
4.906916,0.158963
4.906305,0.158963
4.905695,0.158963
4.905085,0.158963
4.904474,0.158963
4.903864,0.158963
4.903253,0.158963
4.902643,0.158963
4.902033,0.158963
4.901422,0.158963
4.900812,0.158963
4.900201,0.158963
4.899591,0.158963
4.898981,0.158963
4.898370,0.158963
4.897760,0.158963
4.897149,0.158963
4.896539,0.158963
4.895929,0.158963
4.895318,0.158963
4.894708,0.158963
4.894098,0.158963
4.893487,0.158963
4.892877,0.158963
4.892266,0.158963
4.891656,0.158963
4.891046,0.158963
4.890435,0.158963
4.889825,0.158963
4.889214,0.158963
4.888604,0.158963
4.887994,0.158963
4.887383,0.158963
4.886773,0.158963
4.886162,0.158963
4.885552,0.158963
4.884942,0.158963
4.884331,0.158963
4.883721,0.158963
4.883111,0.158963
4.882500,0.158963
4.881890,0.158963
4.881279,0.158963
4.880669,0.158963
4.880059,0.158963
4.879448,0.158963
4.878838,0.158963
4.878227,0.158963
4.877617,0.158963
4.877007,0.158963
4.876396,0.158963
4.875786,0.158963
4.875175,0.158963
4.874565,0.158963
4.873955,0.158963
4.873344,0.158963
4.872734,0.158963
4.872124,0.158963
4.871513,0.158963
4.870903,0.158963
4.870292,0.158963
4.869682,0.158963
4.869072,0.158963
4.868461,0.158963
4.867851,0.158963
4.867240,0.158963
4.866630,0.158963
4.866020,0.158963
4.865409,0.158963
4.864799,0.158963
4.864188,0.158963
4.863578,0.158963
4.862968,0.158963
4.862357,0.158963
4.861747,0.158963
4.861137,0.158963
4.860526,0.158963
4.859916,0.158963
4.859305,0.158963
4.858695,0.158963
4.858085,0.158963
4.857474,0.158963
4.856864,0.158963
4.856253,0.158963
4.855643,0.158963
4.855033,0.158963
4.854422,0.158963
4.853812,0.158963
4.853201,0.158963
4.852591,0.158963
4.851981,0.158963
4.851370,0.158963
4.850760,0.158963
4.850150,0.158963
4.849539,0.158963
4.848929,0.158963
4.848318,0.158963
4.847708,0.158963
4.847098,0.158963
4.846487,0.158963
4.845877,0.158963
4.845266,0.158963
4.844656,0.158963
4.844046,0.158963
4.843435,0.158963
4.842825,0.158963
4.842214,0.158963
4.841604,0.158963
4.840994,0.158963
4.840383,0.158963
4.839773,0.158963
4.839163,0.158963
4.838552,0.158963
4.837942,0.158963
4.837331,0.158963
4.836721,0.158963
4.836111,0.158963
4.835500,0.158963
4.834890,0.158963
4.834279,0.158963
4.833669,0.158963
4.833059,0.158963
4.832448,0.158963
4.831838,0.158963
4.831227,0.158963
4.830617,0.158963
4.830007,0.158963
4.829396,0.158963
4.828786,0.158963
4.828176,0.158963
4.827565,0.158963
4.826955,0.158963
4.826344,0.158963
4.825734,0.158963
4.825124,0.158963
4.824513,0.158963
4.823903,0.158963
4.823292,0.158963
4.822682,0.158963
4.822072,0.158963
4.821461,0.158963
4.820851,0.158963
4.820240,0.158963
4.819630,0.158963
4.819020,0.158963
4.818409,0.158963
4.817799,0.158963
4.817189,0.158963
4.816578,0.158963
4.815968,0.158963
4.815357,0.158963
4.814747,0.158963
4.814137,0.158963
4.813526,0.158963
4.812916,0.158963
4.812305,0.158963
4.811695,0.158963
4.811085,0.158963
4.810474,0.158963
4.809864,0.158963
4.809253,0.158963
4.808643,0.158963
4.808033,0.158963
4.807422,0.158963
4.806812,0.158963
4.806202,0.158963
4.805591,0.158963
4.804981,0.158963
4.804370,0.158963
4.803760,0.158963
4.803150,0.158963
4.802539,0.158963
4.801929,0.158963
4.801318,0.158963
4.800708,0.158963
4.800098,0.158963
4.799487,0.158963
4.798877,0.158963
4.798266,0.158963
4.797656,0.158963
4.797046,0.158963
4.796435,0.158963
4.795825,0.158963
4.795215,0.158963
4.794604,0.158963
4.793994,0.158963
4.793383,0.158963
4.792773,0.158963
4.792163,0.158963
4.791552,0.158963
4.790942,0.158963
4.790331,0.158963
4.789721,0.158963
4.789111,0.158963
4.788500,0.158963
4.787890,0.158963
4.787279,0.158963
4.786669,0.158963
4.786059,0.158963
4.785448,0.158963
4.784838,0.158963
4.784228,0.158963
4.783617,0.158963
4.783007,0.158963
4.782396,0.158963
4.781786,0.158963
4.781176,0.158963
4.780565,0.158963
4.779955,0.158963
4.779344,0.158963
4.778734,0.158963
4.778124,0.158963
4.777513,0.158963
4.776903,0.158963
4.776292,0.158963
4.775682,0.158963
4.775072,0.158963
4.774461,0.158963
4.773851,0.158963
4.773241,0.158963
4.772630,0.158963
4.772020,0.158963
4.771409,0.158963
4.770799,0.158963
4.770189,0.158963
4.769578,0.158963
4.768968,0.158963
4.768357,0.158963
4.767747,0.158963
4.767137,0.158963
4.766526,0.158963
4.765916,0.158963
4.765305,0.158963
4.764695,0.158963
4.764085,0.158963
4.763474,0.158963
4.762864,0.158963
4.762254,0.158963
4.761643,0.158963
4.761033,0.158963
4.760422,0.158963
4.759812,0.158963
4.759202,0.158963
4.758591,0.158963
4.757981,0.158963
4.757370,0.158963
4.756760,0.158963
4.756150,0.158963
4.755539,0.158963
4.754929,0.158963
4.754319,0.158963
4.753708,0.158963
4.753098,0.158963
4.752487,0.158963
4.751877,0.158963
4.751267,0.158963
4.750656,0.158963
4.750046,0.158963
4.749435,0.158963
4.748825,0.158963
4.748215,0.158963
4.747604,0.158963
4.746994,0.158963
4.746383,0.158963
4.745773,0.158963
4.745163,0.158963
4.744552,0.158963
4.743942,0.158963
4.743332,0.158963
4.742721,0.158963
4.742111,0.158963
4.741500,0.158963
4.740890,0.158963
4.740280,0.158963
4.739669,0.158963
4.739059,0.158963
4.738448,0.158963
4.737838,0.158963
4.737228,0.158963
4.736617,0.158963
4.736007,0.158963
4.735396,0.158963
4.734786,0.158963
4.734176,0.158963
4.733565,0.158963
4.732955,0.158963
4.732345,0.158963
4.731734,0.158963
4.731124,0.158963
4.730513,0.158963
4.729903,0.158963
4.729293,0.158963
4.728682,0.158963
4.728072,0.158963
4.727461,0.158963
4.726851,0.158963
4.726241,0.158963
4.725630,0.158963
4.725020,0.158963
4.724409,0.158963
4.723799,0.158963
4.723189,0.158963
4.722578,0.158963
4.721968,0.158963
4.721358,0.158963
4.720747,0.158963
4.720137,0.158963
4.719526,0.158963
4.718916,0.158963
4.718306,0.158963
4.717695,0.158963
4.717085,0.158963
4.716474,0.158963
4.715864,0.158963
4.715254,0.158963
4.714643,0.158963
4.714033,0.158963
4.713422,0.158963
4.712812,0.158963
4.712202,0.158963
4.711591,0.158963
4.710981,0.158963
4.710371,0.158963
4.709760,0.158963
4.709150,0.158963
4.708539,0.158963
4.707929,0.158963
4.707319,0.158963
4.706708,0.158963
4.706098,0.158963
4.705487,0.158963
4.704877,0.158963
4.704267,0.158963
4.703656,0.158963
4.703046,0.158963
4.702435,0.158963
4.701825,0.158963
4.701215,0.158963
4.700604,0.158963
4.699994,0.158963
4.699384,0.158963
4.698773,0.158963
4.698163,0.158963
4.697552,0.158963
4.696942,0.158963
4.696332,0.158963
4.695721,0.158963
4.695111,0.158963
4.694500,0.158963
4.693890,0.158963
4.693280,0.158963
4.692669,0.158963
4.692059,0.158963
4.691448,0.158963
4.690838,0.158963
4.690228,0.158963
4.689617,0.158963
4.689007,0.158963
4.688397,0.158963
4.687786,0.158963
4.687176,0.158963
4.686565,0.158963
4.685955,0.158963
4.685345,0.158963
4.684734,0.158963
4.684124,0.158963
4.683513,0.158963
4.682903,0.158963
4.682293,0.158963
4.681682,0.158963
4.681072,0.158963
4.680461,0.158963
4.679851,0.158963
4.679241,0.158963
4.678630,0.158963
4.678020,0.158963
4.677410,0.158963
4.676799,0.158963
4.676189,0.158963
4.675578,0.158963
4.674968,0.158963
4.674358,0.158963
4.673747,0.158963
4.673137,0.158963
4.672526,0.158963
4.671916,0.158963
4.671306,0.158963
4.670695,0.158963
4.670085,0.158963
4.669474,0.158963
4.668864,0.158963
4.668254,0.158963
4.667643,0.158963
4.667033,0.158963
4.666423,0.158963
4.665812,0.158963
4.665202,0.158963
4.664591,0.158963
4.663981,0.158963
4.663371,0.158963
4.662760,0.158963
4.662150,0.158963
4.661539,0.158963
4.660929,0.158963
4.660319,0.158963
4.659708,0.158963
4.659098,0.158963
4.658487,0.158963
4.657877,0.158963
4.657267,0.158963
4.656656,0.158963
4.656046,0.158963
4.655436,0.158963
4.654825,0.158963
4.654215,0.158963
4.653604,0.158963
4.652994,0.158963
4.652384,0.158963
4.651773,0.158963
4.651163,0.158963
4.650552,0.158963
4.649942,0.158963
4.649332,0.158963
4.648721,0.158963
4.648111,0.158963
4.647500,0.158963
4.646890,0.158963
4.646280,0.158963
4.645669,0.158963
4.645059,0.158963
4.644449,0.158963
4.643838,0.158963
4.643228,0.158963
4.642617,0.158963
4.642007,0.158963
4.641397,0.158963
4.640786,0.158963
4.640176,0.158963
4.639565,0.158963
4.638955,0.158963
4.638345,0.158963
4.637734,0.158963
4.637124,0.158963
4.636513,0.158963
4.635903,0.158963
4.635293,0.158963
4.634682,0.158963
4.634072,0.158963
4.633462,0.158963
4.632851,0.158963
4.632241,0.158963
4.631630,0.158963
4.631020,0.158963
4.630410,0.158963
4.629799,0.158963
4.629189,0.158963
4.628578,0.158963
4.627968,0.158963
4.627358,0.158963
4.626747,0.158963
4.626137,0.158963
4.625526,0.158963
4.624916,0.158963
4.624306,0.158963
4.623695,0.158963
4.623085,0.158963
4.622475,0.158963
4.621864,0.158963
4.621254,0.158963
4.620643,0.158963
4.620033,0.158963
4.619423,0.158963
4.618812,0.158963
4.618202,0.158963
4.617591,0.158963
4.616981,0.158963
4.616371,0.158963
4.615760,0.158963
4.615150,0.158963
4.614539,0.158963
4.613929,0.158963
4.613319,0.158963
4.612708,0.158963
4.612098,0.158963
4.611488,0.158963
4.610877,0.158963
4.610267,0.158963
4.609656,0.158963
4.609046,0.158963
4.608436,0.158963
4.607825,0.158963
4.607215,0.158963
4.606604,0.158963
4.605994,0.158963
4.605384,0.158963
4.604773,0.158963
4.604163,0.158963
4.603552,0.158963
4.602942,0.158963
4.602332,0.158963
4.601721,0.158963
4.601111,0.158963
4.600501,0.158963
4.599890,0.158963
4.599280,0.158963
4.598669,0.158963
4.598059,0.158963
4.597449,0.158963
4.596838,0.158963
4.596228,0.158963
4.595617,0.158963
4.595007,0.158963
4.594397,0.158963
4.593786,0.158963
4.593176,0.158963
4.592565,0.158963
4.591955,0.158963
4.591345,0.158963
4.590734,0.158963
4.590124,0.158963
4.589514,0.158963
4.588903,0.158963
4.588293,0.158963
4.587682,0.158963
4.587072,0.158963
4.586462,0.158963
4.585851,0.158963
4.585241,0.158963
4.584630,0.158963
4.584020,0.158963
4.583410,0.158963
4.582799,0.158963
4.582189,0.158963
4.581578,0.158963
4.580968,0.158963
4.580358,0.158963
4.579747,0.158963
4.579137,0.158963
4.578527,0.158963
4.577916,0.158963
4.577306,0.158963
4.576695,0.158963
4.576085,0.158963
4.575475,0.158963
4.574864,0.158963
4.574254,0.158963
4.573643,0.158963
4.573033,0.158963
4.572423,0.158963
4.571812,0.158963
4.571202,0.158963
4.570591,0.158963
4.569981,0.158963
4.569371,0.158963
4.568760,0.158963
4.568150,0.158963
4.567540,0.158963
4.566929,0.158963
4.566319,0.158963
4.565708,0.158963
4.565098,0.158963
4.564488,0.158963
4.563877,0.158963
4.563267,0.158963
4.562656,0.158963
4.562046,0.158963
4.561436,0.158963
4.560825,0.158963
4.560215,0.158963
4.559604,0.158963
4.558994,0.158963
4.558384,0.158963
4.557773,0.158963
4.557163,0.158963
4.556553,0.158963
4.555942,0.158963
4.555332,0.158963
4.554721,0.158963
4.554111,0.158963
4.553501,0.158963
4.552890,0.158963
4.552280,0.158963
4.551669,0.158963
4.551059,0.158963
4.550449,0.158963
4.549838,0.158963
4.549228,0.158963
4.548617,0.158963
4.548007,0.158963
4.547397,0.158963
4.546786,0.158963
4.546176,0.158963
4.545566,0.158963
4.544955,0.158963
4.544345,0.158963
4.543734,0.158963
4.543124,0.158963
4.542514,0.158963
4.541903,0.158963
4.541293,0.158963
4.540682,0.158963
4.540072,0.158963
4.539462,0.158963
4.538851,0.158963
4.538241,0.158963
4.537630,0.158963
4.537020,0.158963
4.536410,0.158963
4.535799,0.158963
4.535189,0.158963
4.534579,0.158963
4.533968,0.158963
4.533358,0.158963
4.532747,0.158963
4.532137,0.158963
4.531527,0.158963
4.530916,0.158963
4.530306,0.158963
4.529695,0.158963
4.529085,0.158963
4.528475,0.158963
4.527864,0.158963
4.527254,0.158963
4.526643,0.158963
4.526033,0.158963
4.525423,0.158963
4.524812,0.158963
4.524202,0.158963
4.523592,0.158963
4.522981,0.158963
4.522371,0.158963
4.521760,0.158963
4.521150,0.158963
4.520540,0.158963
4.519929,0.158963
4.519319,0.158963
4.518708,0.158963
4.518098,0.158963
4.517488,0.158963
4.516877,0.158963
4.516267,0.158963
4.515656,0.158963
4.515046,0.158963
4.514436,0.158963
4.513825,0.158963
4.513215,0.158963
4.512605,0.158963
4.511994,0.158963
4.511384,0.158963
4.510773,0.158963
4.510163,0.158963
4.509553,0.158963
4.508942,0.158963
4.508332,0.158963
4.507721,0.158963
4.507111,0.158963
4.506501,0.158963
4.505890,0.158963
4.505280,0.158963
4.504669,0.158963
4.504059,0.158963
4.503449,0.158963
4.502838,0.158963
4.502228,0.158963
4.501618,0.158963
4.501007,0.158963
4.500397,0.158963
4.499786,0.158963
4.499176,0.158963
4.498566,0.158963
4.497955,0.158963
4.497345,0.158963
4.496734,0.158963
4.496124,0.158963
4.495514,0.158963
4.494903,0.158963
4.494293,0.158963
4.493682,0.158963
4.493072,0.158963
4.492462,0.158963
4.491851,0.158963
4.491241,0.158963
4.490631,0.158963
4.490020,0.158963
4.489410,0.158963
4.488799,0.158963
4.488189,0.158963
4.487579,0.158963
4.486968,0.158963
4.486358,0.158963
4.485747,0.158963
4.485137,0.158963
4.484527,0.158963
4.483916,0.158963
4.483306,0.158963
4.482695,0.158963
4.482085,0.158963
4.481475,0.158963
4.480864,0.158963
4.480254,0.158963
4.479644,0.158963
4.479033,0.158963
4.478423,0.158963
4.477812,0.158963
4.477202,0.158963
4.476592,0.158963
4.475981,0.158963
4.475371,0.158963
4.474760,0.158963
4.474150,0.158963
4.473540,0.158963
4.472929,0.158963
4.472319,0.158963
4.471708,0.158963
4.471098,0.158963
4.470488,0.158963
4.469877,0.158963
4.469267,0.158963
4.468657,0.158963
4.468046,0.158963
4.467436,0.158963
4.466825,0.158963
4.466215,0.158963
4.465605,0.158963
4.464994,0.158963
4.464384,0.158963
4.463773,0.158963
4.463163,0.158963
4.462553,0.158963
4.461942,0.158963
4.461332,0.158963
4.460721,0.158963
4.460111,0.158963
4.459501,0.158963
4.458890,0.158963
4.458280,0.158963
4.457670,0.158963
4.457059,0.158963
4.456449,0.158963
4.455838,0.158963
4.455228,0.158963
4.454618,0.158963
4.454007,0.158963
4.453397,0.158963
4.452786,0.158963
4.452176,0.158963
4.451566,0.158963
4.450955,0.158963
4.450345,0.158963
4.449734,0.158963
4.449124,0.158963
4.448514,0.158963
4.447903,0.158963
4.447293,0.158963
4.446683,0.158963
4.446072,0.158963
4.445462,0.158963
4.444851,0.158963
4.444241,0.158963
4.443631,0.158963
4.443020,0.158963
4.442410,0.158963
4.441799,0.158963
4.441189,0.158963
4.440579,0.158963
4.439968,0.158963
4.439358,0.158963
4.438747,0.158963
4.438137,0.158963
4.437527,0.158963
4.436916,0.158963
4.436306,0.158963
4.435696,0.158963
4.435085,0.158963
4.434475,0.158963
4.433864,0.158963
4.433254,0.158963
4.432644,0.158963
4.432033,0.158963
4.431423,0.158963
4.430812,0.158963
4.430202,0.158963
4.429592,0.158963
4.428981,0.158963
4.428371,0.158963
4.427760,0.158963
4.427150,0.158963
4.426540,0.158963
4.425929,0.158963
4.425319,0.158963
4.424709,0.158963
4.424098,0.158963
4.423488,0.158963
4.422877,0.158963
4.422267,0.158963
4.421657,0.158963
4.421046,0.158963
4.420436,0.158963
4.419825,0.158963
4.419215,0.158963
4.418605,0.158963
4.417994,0.158963
4.417384,0.158963
4.416773,0.158963
4.416163,0.158963
4.415553,0.158963
4.414942,0.158963
4.414332,0.158963
4.413722,0.158963
4.413111,0.158963
4.412501,0.158963
4.411890,0.158963
4.411280,0.158963
4.410670,0.158963
4.410059,0.158963
4.409449,0.158963
4.408838,0.158963
4.408228,0.158963
4.407618,0.158963
4.407007,0.158963
4.406397,0.158963
4.405786,0.158963
4.405176,0.158963
4.404566,0.158963
4.403955,0.158963
4.403345,0.158963
4.402735,0.158963
4.402124,0.158963
4.401514,0.158963
4.400903,0.158963
4.400293,0.158963
4.399683,0.158963
4.399072,0.158963
4.398462,0.158963
4.397851,0.158963
4.397241,0.158963
4.396631,0.158963
4.396020,0.158963
4.395410,0.158963
4.394799,0.158963
4.394189,0.158963
4.393579,0.158963
4.392968,0.158963
4.392358,0.158963
4.391748,0.158963
4.391137,0.158963
4.390527,0.158963
4.389916,0.158963
4.389306,0.158963
4.388696,0.158963
4.388085,0.158963
4.387475,0.158963
4.386864,0.158963
4.386254,0.158963
4.385644,0.158963
4.385033,0.158963
4.384423,0.158963
4.383812,0.158963
4.383202,0.158963
4.382592,0.158963
4.381981,0.158963
4.381371,0.158963
4.380761,0.158963
4.380150,0.158963
4.379540,0.158963
4.378929,0.158963
4.378319,0.158963
4.377709,0.158963
4.377098,0.158963
4.376488,0.158963
4.375877,0.158963
4.375267,0.158963
4.374657,0.158963
4.374046,0.158963
4.373436,0.158963
4.372825,0.158963
4.372215,0.158963
4.371605,0.158963
4.370994,0.158963
4.370384,0.158963
4.369774,0.158963
4.369163,0.158963
4.368553,0.158963
4.367942,0.158963
4.367332,0.158963
4.366722,0.158963
4.366111,0.158963
4.365501,0.158963
4.364890,0.158963
4.364280,0.158963
4.363670,0.158963
4.363059,0.158963
4.362449,0.158963
4.361838,0.158963
4.361228,0.158963
4.360618,0.158963
4.360007,0.158963
4.359397,0.158963
4.358787,0.158963
4.358176,0.158963
4.357566,0.158963
4.356955,0.158963
4.356345,0.158963
4.355735,0.158963
4.355124,0.158963
4.354514,0.158963
4.353903,0.158963
4.353293,0.158963
4.352683,0.158963
4.352072,0.158963
4.351462,0.158963
4.350851,0.158963
4.350241,0.158963
4.349631,0.158963
4.349020,0.158963
4.348410,0.158963
4.347800,0.158963
4.347189,0.158963
4.346579,0.158963
4.345968,0.158963
4.345358,0.158963
4.344748,0.158963
4.344137,0.158963
4.343527,0.158963
4.342916,0.158963
4.342306,0.158963
4.341696,0.158963
4.341085,0.158963
4.340475,0.158963
4.339864,0.158963
4.339254,0.158963
4.338644,0.158963
4.338033,0.158963
4.337423,0.158963
4.336813,0.158963
4.336202,0.158963
4.335592,0.158963
4.334981,0.158963
4.334371,0.158963
4.333761,0.158963
4.333150,0.158963
4.332540,0.158963
4.331929,0.158963
4.331319,0.158963
4.330709,0.158963
4.330098,0.158963
4.329488,0.158963
4.328877,0.158963
4.328267,0.158963
4.327657,0.158963
4.327046,0.158963
4.326436,0.158963
4.325826,0.158963
4.325215,0.158963
4.324605,0.158963
4.323994,0.158963
4.323384,0.158963
4.322774,0.158963
4.322163,0.158963
4.321553,0.158963
4.320942,0.158963
4.320332,0.158963
4.319722,0.158963
4.319111,0.158963
4.318501,0.158963
4.317890,0.158963
4.317280,0.158963
4.316670,0.158963
4.316059,0.158963
4.315449,0.158963
4.314839,0.158963
4.314228,0.158963
4.313618,0.158963
4.313007,0.158963
4.312397,0.158963
4.311787,0.158963
4.311176,0.158963
4.310566,0.158963
4.309955,0.158963
4.309345,0.158963
4.308735,0.158963
4.308124,0.158963
4.307514,0.158963
4.306903,0.158963
4.306293,0.158963
4.305683,0.158963
4.305072,0.158963
4.304462,0.158963
4.303852,0.158963
4.303241,0.158963
4.302631,0.158963
4.302020,0.158963
4.301410,0.158963
4.300800,0.158963
4.300189,0.158963
4.299579,0.158963
4.298968,0.158963
4.298358,0.158963
4.297748,0.158963
4.297137,0.158963
4.296527,0.158963
4.295916,0.158963
4.295306,0.158963
4.294696,0.158963
4.294085,0.158963
4.293475,0.158963
4.292865,0.158963
4.292254,0.158963
4.291644,0.158963
4.291033,0.158963
4.290423,0.158963
4.289813,0.158963
4.289202,0.158963
4.288592,0.158963
4.287981,0.158963
4.287371,0.158963
4.286761,0.158963
4.286150,0.158963
4.285540,0.158963
4.284930,0.158963
4.284319,0.158963
4.283709,0.158963
4.283098,0.158963
4.282488,0.158963
4.281878,0.158963
4.281267,0.158963
4.280657,0.158963
4.280046,0.158963
4.279436,0.158963
4.278826,0.158963
4.278215,0.158963
4.277605,0.158963
4.276994,0.158963
4.276384,0.158963
4.275774,0.158963
4.275163,0.158963
4.274553,0.158963
4.273943,0.158963
4.273332,0.158963
4.272722,0.158963
4.272111,0.158963
4.271501,0.158963
4.270891,0.158963
4.270280,0.158963
4.269670,0.158963
4.269059,0.158963
4.268449,0.158963
4.267839,0.158963
4.267228,0.158963
4.266618,0.158963
4.266007,0.158963
4.265397,0.158963
4.264787,0.158963
4.264176,0.158963
4.263566,0.158963
4.262956,0.158963
4.262345,0.158963
4.261735,0.158963
4.261124,0.158963
4.260514,0.158963
4.259904,0.158963
4.259293,0.158963
4.258683,0.158963
4.258072,0.158963
4.257462,0.158963
4.256852,0.158963
4.256241,0.158963
4.255631,0.158963
4.255020,0.158963
4.254410,0.158963
4.253800,0.158963
4.253189,0.158963
4.252579,0.158963
4.251969,0.158963
4.251358,0.158963
4.250748,0.158963
4.250137,0.158963
4.249527,0.158963
4.248917,0.158963
4.248306,0.158963
4.247696,0.158963
4.247085,0.158963
4.246475,0.158963
4.245865,0.158963
4.245254,0.158963
4.244644,0.158963
4.244033,0.158963
4.243423,0.158963
4.242813,0.158963
4.242202,0.158963
4.241592,0.158963
4.240982,0.158963
4.240371,0.158963
4.239761,0.158963
4.239150,0.158963
4.238540,0.158963
4.237930,0.158963
4.237319,0.158963
4.236709,0.158963
4.236098,0.158963
4.235488,0.158963
4.234878,0.158963
4.234267,0.158963
4.233657,0.158963
4.233046,0.158963
4.232436,0.158963
4.231826,0.158963
4.231215,0.158963
4.230605,0.158963
4.229995,0.158963
4.229384,0.158963
4.228774,0.158963
4.228163,0.158963
4.227553,0.158963
4.226943,0.158963
4.226332,0.158963
4.225722,0.158963
4.225111,0.158963
4.224501,0.158963
4.223891,0.158963
4.223280,0.158963
4.222670,0.158963
4.222059,0.158963
4.221449,0.158963
4.220839,0.158963
4.220228,0.158963
4.219618,0.158963
4.219008,0.158963
4.218397,0.158963
4.217787,0.158963
4.217176,0.158963
4.216566,0.158963
4.215956,0.158963
4.215345,0.158963
4.214735,0.158963
4.214124,0.158963
4.213514,0.158963
4.212904,0.158963
4.212293,0.158963
4.211683,0.158963
4.211072,0.158963
4.210462,0.158963
4.209852,0.158963
4.209241,0.158963
4.208631,0.158963
4.208021,0.158963
4.207410,0.158963
4.206800,0.158963
4.206189,0.158963
4.205579,0.158963
4.204969,0.158963
4.204358,0.158963
4.203748,0.158963
4.203137,0.158963
4.202527,0.158963
4.201917,0.158963
4.201306,0.158963
4.200696,0.158963
4.200085,0.158963
4.199475,0.158963
4.198865,0.158963
4.198254,0.158963
4.197644,0.158963
4.197034,0.158963
4.196423,0.158963
4.195813,0.158963
4.195202,0.158963
4.194592,0.158963
4.193982,0.158963
4.193371,0.158963
4.192761,0.158963
4.192150,0.158963
4.191540,0.158963
4.190930,0.158963
4.190319,0.158963
4.189709,0.158963
4.189098,0.158963
4.188488,0.158963
4.187878,0.158963
4.187267,0.158963
4.186657,0.158963
4.186047,0.158963
4.185436,0.158963
4.184826,0.158963
4.184215,0.158963
4.183605,0.158963
4.182995,0.158963
4.182384,0.158963
4.181774,0.158963
4.181163,0.158963
4.180553,0.158963
4.179943,0.158963
4.179332,0.158963
4.178722,0.158963
4.178111,0.158963
4.177501,0.158963
4.176891,0.158963
4.176280,0.158963
4.175670,0.158963
4.175060,0.158963
4.174449,0.158963
4.173839,0.158963
4.173228,0.158963
4.172618,0.158963
4.172008,0.158963
4.171397,0.158963
4.170787,0.158963
4.170176,0.158963
4.169566,0.158963
4.168956,0.158963
4.168345,0.158963
4.167735,0.158963
4.167124,0.158963
4.166514,0.158963
4.165904,0.158963
4.165293,0.158963
4.164683,0.158963
4.164073,0.158963
4.163462,0.158963
4.162852,0.158963
4.162241,0.158963
4.161631,0.158963
4.161021,0.158963
4.160410,0.158963
4.159800,0.158963
4.159189,0.158963
4.158579,0.158963
4.157969,0.158963
4.157358,0.158963
4.156748,0.158963
4.156137,0.158963
4.155527,0.158963
4.154917,0.158963
4.154306,0.158963
4.153696,0.158963
4.153086,0.158963
4.152475,0.158963
4.151865,0.158963
4.151254,0.158963
4.150644,0.158963
4.150034,0.158963
4.149423,0.158963
4.148813,0.158963
4.148202,0.158963
4.147592,0.158963
4.146982,0.158963
4.146371,0.158963
4.145761,0.158963
4.145150,0.158963
4.144540,0.158963
4.143930,0.158963
4.143319,0.158963
4.142709,0.158963
4.142099,0.158963
4.141488,0.158963
4.140878,0.158963
4.140267,0.158963
4.139657,0.158963
4.139047,0.158963
4.138436,0.158963
4.137826,0.158963
4.137215,0.158963
4.136605,0.158963
4.135995,0.158963
4.135384,0.158963
4.134774,0.158963
4.134163,0.158963
4.133553,0.158963
4.132943,0.158963
4.132332,0.158963
4.131722,0.158963
4.131112,0.158963
4.130501,0.158963
4.129891,0.158963
4.129280,0.158963
4.128670,0.158963
4.128060,0.158963
4.127449,0.158963
4.126839,0.158963
4.126228,0.158963
4.125618,0.158963
4.125008,0.158963
4.124397,0.158963
4.123787,0.158963
4.123176,0.158963
4.122566,0.158963
4.121956,0.158963
4.121345,0.158963
4.120735,0.158963
4.120125,0.158963
4.119514,0.158963
4.118904,0.158963
4.118293,0.158963
4.117683,0.158963
4.117073,0.158963
4.116462,0.158963
4.115852,0.158963
4.115241,0.158963
4.114631,0.158963
4.114021,0.158963
4.113410,0.158963
4.112800,0.158963
4.112189,0.158963
4.111579,0.158963
4.110969,0.158963
4.110358,0.158963
4.109748,0.158963
4.109138,0.158963
4.108527,0.158963
4.107917,0.158963
4.107306,0.158963
4.106696,0.158963
4.106086,0.158963
4.105475,0.158963
4.104865,0.158963
4.104254,0.158963
4.103644,0.158963
4.103034,0.158963
4.102423,0.158963
4.101813,0.158963
4.101202,0.158963
4.100592,0.158963
4.099982,0.158963
4.099371,0.158963
4.098761,0.158963
4.098151,0.158963
4.097540,0.158963
4.096930,0.158963
4.096319,0.158963
4.095709,0.158963
4.095099,0.158963
4.094488,0.158963
4.093878,0.158963
4.093267,0.158963
4.092657,0.158963
4.092047,0.158963
4.091436,0.158963
4.090826,0.158963
4.090215,0.158963
4.089605,0.158963
4.088995,0.158963
4.088384,0.158963
4.087774,0.158963
4.087164,0.158963
4.086553,0.158963
4.085943,0.158963
4.085332,0.158963
4.084722,0.158963
4.084112,0.158963
4.083501,0.158963
4.082891,0.158963
4.082280,0.158963
4.081670,0.158963
4.081060,0.158963
4.080449,0.158963
4.079839,0.158963
4.079228,0.158963
4.078618,0.158963
4.078008,0.158963
4.077397,0.158963
4.076787,0.158963
4.076177,0.158963
4.075566,0.158963
4.074956,0.158963
4.074345,0.158963
4.073735,0.158963
4.073125,0.158963
4.072514,0.158963
4.071904,0.158963
4.071293,0.158963
4.070683,0.158963
4.070073,0.158963
4.069462,0.158963
4.068852,0.158963
4.068241,0.158963
4.067631,0.158963
4.067021,0.158963
4.066410,0.158963
4.065800,0.158963
4.065190,0.158963
4.064579,0.158963
4.063969,0.158963
4.063358,0.158963
4.062748,0.158963
4.062138,0.158963
4.061527,0.158963
4.060917,0.158963
4.060306,0.158963
4.059696,0.158963
4.059086,0.158963
4.058475,0.158963
4.057865,0.158963
4.057254,0.158963
4.056644,0.158963
4.056034,0.158963
4.055423,0.158963
4.054813,0.158963
4.054203,0.158963
4.053592,0.158963
4.052982,0.158963
4.052371,0.158963
4.051761,0.158963
4.051151,0.158963
4.050540,0.158963
4.049930,0.158963
4.049319,0.158963
4.048709,0.158963
4.048099,0.158963
4.047488,0.158963
4.046878,0.158963
4.046267,0.158963
4.045657,0.158963
4.045047,0.158963
4.044436,0.158963
4.043826,0.158963
4.043216,0.158963
4.042605,0.158963
4.041995,0.158963
4.041384,0.158963
4.040774,0.158963
4.040164,0.158963
4.039553,0.158963
4.038943,0.158963
4.038332,0.158963
4.037722,0.158963
4.037112,0.158963
4.036501,0.158963
4.035891,0.158963
4.035280,0.158963
4.034670,0.158963
4.034060,0.158963
4.033449,0.158963
4.032839,0.158963
4.032229,0.158963
4.031618,0.158963
4.031008,0.158963
4.030397,0.158963
4.029787,0.158963
4.029177,0.158963
4.028566,0.158963
4.027956,0.158963
4.027345,0.158963
4.026735,0.158963
4.026125,0.158963
4.025514,0.158963
4.024904,0.158963
4.024293,0.158963
4.023683,0.158963
4.023073,0.158963
4.022462,0.158963
4.021852,0.158963
4.021242,0.158963
4.020631,0.158963
4.020021,0.158963
4.019410,0.158963
4.018800,0.158963
4.018190,0.158963
4.017579,0.158963
4.016969,0.158963
4.016358,0.158963
4.015748,0.158963
4.015138,0.158963
4.014527,0.158963
4.013917,0.158963
4.013306,0.158963
4.012696,0.158963
4.012086,0.158963
4.011475,0.158963
4.010865,0.158963
4.010255,0.158963
4.009644,0.158963
4.009034,0.158963
4.008423,0.158963
4.007813,0.158963
4.007203,0.158963
4.006592,0.158963
4.005982,0.158963
4.005371,0.158963
4.004761,0.158963
4.004151,0.158963
4.003540,0.158963
4.002930,0.158963
4.002319,0.158963
4.001709,0.158963
4.001099,0.158963
4.000488,0.158963
3.999878,0.158963
3.999268,0.158963
3.998657,0.158963
3.998047,0.158963
3.997436,0.158963
3.996826,0.158963
3.996216,0.158963
3.995605,0.158963
3.994995,0.158963
3.994384,0.158963
3.993774,0.158963
3.993164,0.158963
3.992553,0.158963
3.991943,0.158963
3.991332,0.158963
3.990722,0.158963
3.990112,0.158963
3.989501,0.158963
3.988891,0.158963
3.988281,0.158963
3.987670,0.158963
3.987060,0.158964
3.986449,0.158964
3.985839,0.158964
3.985229,0.158965
3.984618,0.158966
3.984008,0.158967
3.983397,0.158968
3.982787,0.158970
3.982177,0.158973
3.981566,0.158977
3.980956,0.158983
3.980345,0.158991
3.979735,0.159002
3.979125,0.159017
3.978514,0.159038
3.977904,0.159066
3.977294,0.159105
3.976683,0.159157
3.976073,0.159228
3.975462,0.159324
3.974852,0.159453
3.974242,0.159626
3.973631,0.159857
3.973021,0.160163
3.972410,0.160570
3.971800,0.161108
3.971190,0.161815
3.970579,0.162743
3.969969,0.163957
3.969358,0.165537
3.968748,0.167589
3.968138,0.170242
3.967527,0.173661
3.966917,0.178053
3.966307,0.183674
3.965696,0.190841
3.965086,0.199949
3.964475,0.211481
3.963865,0.226030
3.963255,0.244322
3.962644,0.267235
3.962034,0.295836
3.961423,0.331408
3.960813,0.375492
3.960203,0.429929
3.959592,0.496907
3.958982,0.579020
3.958371,0.679323
3.957761,0.801401
3.957151,0.949444
3.956540,1.128321
3.955930,1.343664
3.955320,1.601962
3.954709,1.910647
3.954099,2.278191
3.953488,2.714204
3.952878,3.229530
3.952268,3.836335
3.951657,4.548199
3.951047,5.380191
3.950436,6.348936
3.949826,7.472665
3.949216,8.771241
3.948605,10.266172
3.947995,11.980578
3.947384,13.939138
3.946774,16.167992
3.946164,18.694605
3.945553,21.547577
3.944943,24.756408
3.944333,28.351212
3.943722,32.362370
3.943112,36.820129
3.942501,41.754150
3.941891,47.193000
3.941281,53.163592
3.940670,59.690583
3.940060,66.795737
3.939449,74.497257
3.938839,82.809100
3.938229,91.740289
3.937618,101.294233
3.937008,111.468074
3.936397,122.252072
3.935787,133.629052
3.935177,145.573931
3.934566,158.053330
3.933956,171.025306
3.933346,184.439204
3.932735,198.235659
3.932125,212.346737
3.931514,226.696249
3.930904,241.200224
3.930294,255.767557
3.929683,270.300816
3.929073,284.697215
3.928462,298.849736
3.927852,312.648382
3.927242,325.981551
3.926631,338.737500
3.926021,350.805877
3.925410,362.079293
3.924800,372.454904
3.924190,381.835959
3.923579,390.133302
3.922969,397.266783
3.922359,403.166539
3.921748,407.774138
3.921138,411.043539
3.920527,412.941862
3.919917,413.449933
3.919307,412.562612
3.918696,410.288874
3.918086,406.651663
3.917475,401.687504
3.916865,395.445891
3.916255,387.988469
3.915644,379.388017
3.915034,369.727271
3.914423,359.097595
3.913813,347.597547
3.913203,335.331365
3.912592,322.407400
3.911982,308.936537
3.911372,295.030629
3.910761,280.800983
3.910151,266.356918
3.909540,251.804420
3.908930,237.244924
3.908320,222.774228
3.907709,208.481573
3.907099,194.448869
3.906488,180.750098
3.905878,167.450889
3.905268,154.608247
3.904657,142.270448
3.904047,130.477086
3.903436,119.259253
3.902826,108.639840
3.902216,98.633946
3.901605,89.249382
3.900995,80.487241
3.900385,72.342519
3.899774,64.804783
3.899164,57.858853
3.898553,51.485491
3.897943,45.662081
3.897333,40.363288
3.896722,35.561694
3.896112,31.228381
3.895501,27.333480
3.894891,23.846664
3.894281,20.737588
3.893670,17.976273
3.893060,15.533438
3.892449,13.380771
3.891839,11.491150
3.891229,9.838821
3.890618,8.399520
3.890008,7.150563
3.889398,6.070888
3.888787,5.141076
3.888177,4.343339
3.887566,3.661479
3.886956,3.080840
3.886346,2.588234
3.885735,2.171865
3.885125,1.821232
3.884514,1.527047
3.883904,1.281127
3.883294,1.076307
3.882683,0.906341
3.882073,0.765813
3.881462,0.650045
3.880852,0.555022
3.880242,0.477308
3.879631,0.413979
3.879021,0.362559
3.878411,0.320959
3.877800,0.287424
3.877190,0.260488
3.876579,0.238929
3.875969,0.221735
3.875359,0.208072
3.874748,0.197254
3.874138,0.188718
3.873527,0.182007
3.872917,0.176749
3.872307,0.172645
3.871696,0.169452
3.871086,0.166977
3.870475,0.165065
3.869865,0.163594
3.869255,0.162466
3.868644,0.161603
3.868034,0.160947
3.867424,0.160448
3.866813,0.160071
3.866203,0.159787
3.865592,0.159574
3.864982,0.159414
3.864372,0.159295
3.863761,0.159207
3.863151,0.159141
3.862540,0.159093
3.861930,0.159057
3.861320,0.159031
3.860709,0.159012
3.860099,0.158998
3.859488,0.158988
3.858878,0.158981
3.858268,0.158976
3.857657,0.158972
3.857047,0.158969
3.856437,0.158968
3.855826,0.158966
3.855216,0.158965
3.854605,0.158965
3.853995,0.158964
3.853385,0.158964
3.852774,0.158964
3.852164,0.158963
3.851553,0.158963
3.850943,0.158963
3.850333,0.158963
3.849722,0.158963
3.849112,0.158963
3.848501,0.158963
3.847891,0.158963
3.847281,0.158963
3.846670,0.158963
3.846060,0.158963
3.845450,0.158963
3.844839,0.158963
3.844229,0.158963
3.843618,0.158963
3.843008,0.158963
3.842398,0.158963
3.841787,0.158963
3.841177,0.158963
3.840566,0.158963
3.839956,0.158963
3.839346,0.158963
3.838735,0.158963
3.838125,0.158963
3.837514,0.158963
3.836904,0.158963
3.836294,0.158963
3.835683,0.158963
3.835073,0.158963
3.834463,0.158963
3.833852,0.158963
3.833242,0.158963
3.832631,0.158963
3.832021,0.158963
3.831411,0.158963
3.830800,0.158963
3.830190,0.158963
3.829579,0.158963
3.828969,0.158963
3.828359,0.158963
3.827748,0.158963
3.827138,0.158963
3.826527,0.158963
3.825917,0.158963
3.825307,0.158963
3.824696,0.158963
3.824086,0.158963
3.823476,0.158963
3.822865,0.158963
3.822255,0.158963
3.821644,0.158963
3.821034,0.158963
3.820424,0.158963
3.819813,0.158963
3.819203,0.158963
3.818592,0.158963
3.817982,0.158963
3.817372,0.158963
3.816761,0.158963
3.816151,0.158963
3.815540,0.158963
3.814930,0.158963
3.814320,0.158963
3.813709,0.158963
3.813099,0.158963
3.812489,0.158963
3.811878,0.158963
3.811268,0.158963
3.810657,0.158963
3.810047,0.158963
3.809437,0.158963
3.808826,0.158963
3.808216,0.158963
3.807605,0.158963
3.806995,0.158963
3.806385,0.158963
3.805774,0.158963
3.805164,0.158963
3.804554,0.158963
3.803943,0.158963
3.803333,0.158963
3.802722,0.158963
3.802112,0.158963
3.801502,0.158963
3.800891,0.158963
3.800281,0.158963
3.799670,0.158963
3.799060,0.158963
3.798450,0.158963
3.797839,0.158963
3.797229,0.158963
3.796618,0.158963
3.796008,0.158963
3.795398,0.158963
3.794787,0.158963
3.794177,0.158963
3.793567,0.158963
3.792956,0.158963
3.792346,0.158963
3.791735,0.158963
3.791125,0.158963
3.790515,0.158963
3.789904,0.158963
3.789294,0.158963
3.788683,0.158963
3.788073,0.158963
3.787463,0.158963
3.786852,0.158963
3.786242,0.158963
3.785631,0.158963
3.785021,0.158963
3.784411,0.158963
3.783800,0.158963
3.783190,0.158963
3.782580,0.158963
3.781969,0.158963
3.781359,0.158963
3.780748,0.158963
3.780138,0.158963
3.779528,0.158963
3.778917,0.158963
3.778307,0.158963
3.777696,0.158963
3.777086,0.158963
3.776476,0.158963
3.775865,0.158963
3.775255,0.158963
3.774644,0.158963
3.774034,0.158963
3.773424,0.158963
3.772813,0.158963
3.772203,0.158963
3.771593,0.158963
3.770982,0.158963
3.770372,0.158963
3.769761,0.158963
3.769151,0.158963
3.768541,0.158963
3.767930,0.158963
3.767320,0.158963
3.766709,0.158963
3.766099,0.158963
3.765489,0.158963
3.764878,0.158963
3.764268,0.158963
3.763657,0.158963
3.763047,0.158963
3.762437,0.158963
3.761826,0.158963
3.761216,0.158963
3.760606,0.158963
3.759995,0.158963
3.759385,0.158963
3.758774,0.158963
3.758164,0.158963
3.757554,0.158963
3.756943,0.158963
3.756333,0.158963
3.755722,0.158963
3.755112,0.158963
3.754502,0.158963
3.753891,0.158963
3.753281,0.158963
3.752670,0.158963
3.752060,0.158963
3.751450,0.158963
3.750839,0.158963
3.750229,0.158963
3.749619,0.158963
3.749008,0.158963
3.748398,0.158963
3.747787,0.158963
3.747177,0.158963
3.746567,0.158963
3.745956,0.158963
3.745346,0.158963
3.744735,0.158963
3.744125,0.158963
3.743515,0.158963
3.742904,0.158963
3.742294,0.158963
3.741683,0.158963
3.741073,0.158963
3.740463,0.158963
3.739852,0.158963
3.739242,0.158963
3.738632,0.158963
3.738021,0.158963
3.737411,0.158963
3.736800,0.158963
3.736190,0.158963
3.735580,0.158963
3.734969,0.158963
3.734359,0.158963
3.733748,0.158963
3.733138,0.158963
3.732528,0.158963
3.731917,0.158963
3.731307,0.158963
3.730696,0.158963
3.730086,0.158963
3.729476,0.158963
3.728865,0.158963
3.728255,0.158963
3.727645,0.158963
3.727034,0.158963
3.726424,0.158963
3.725813,0.158963
3.725203,0.158963
3.724593,0.158963
3.723982,0.158963
3.723372,0.158963
3.722761,0.158963
3.722151,0.158963
3.721541,0.158963
3.720930,0.158963
3.720320,0.158963
3.719709,0.158963
3.719099,0.158963
3.718489,0.158963
3.717878,0.158963
3.717268,0.158963
3.716658,0.158963
3.716047,0.158963
3.715437,0.158963
3.714826,0.158963
3.714216,0.158963
3.713606,0.158963
3.712995,0.158963
3.712385,0.158963
3.711774,0.158963
3.711164,0.158963
3.710554,0.158963
3.709943,0.158963
3.709333,0.158963
3.708722,0.158963
3.708112,0.158963
3.707502,0.158963
3.706891,0.158963
3.706281,0.158963
3.705671,0.158963
3.705060,0.158963
3.704450,0.158963
3.703839,0.158963
3.703229,0.158963
3.702619,0.158963
3.702008,0.158963
3.701398,0.158963
3.700787,0.158963
3.700177,0.158963
3.699567,0.158963
3.698956,0.158963
3.698346,0.158963
3.697735,0.158963
3.697125,0.158963
3.696515,0.158963
3.695904,0.158963
3.695294,0.158963
3.694684,0.158963
3.694073,0.158963
3.693463,0.158963
3.692852,0.158963
3.692242,0.158963
3.691632,0.158963
3.691021,0.158963
3.690411,0.158963
3.689800,0.158963
3.689190,0.158963
3.688580,0.158963
3.687969,0.158963
3.687359,0.158963
3.686748,0.158963
3.686138,0.158963
3.685528,0.158963
3.684917,0.158963
3.684307,0.158963
3.683697,0.158963
3.683086,0.158963
3.682476,0.158963
3.681865,0.158963
3.681255,0.158963
3.680645,0.158963
3.680034,0.158963
3.679424,0.158963
3.678813,0.158963
3.678203,0.158963
3.677593,0.158963
3.676982,0.158963
3.676372,0.158963
3.675761,0.158963
3.675151,0.158963
3.674541,0.158963
3.673930,0.158963
3.673320,0.158963
3.672710,0.158963
3.672099,0.158963
3.671489,0.158963
3.670878,0.158963
3.670268,0.158963
3.669658,0.158963
3.669047,0.158963
3.668437,0.158963
3.667826,0.158963
3.667216,0.158963
3.666606,0.158963
3.665995,0.158963
3.665385,0.158963
3.664774,0.158963
3.664164,0.158963
3.663554,0.158963
3.662943,0.158963
3.662333,0.158963
3.661723,0.158963
3.661112,0.158963
3.660502,0.158963
3.659891,0.158963
3.659281,0.158963
3.658671,0.158963
3.658060,0.158963
3.657450,0.158963
3.656839,0.158963
3.656229,0.158963
3.655619,0.158963
3.655008,0.158963
3.654398,0.158963
3.653787,0.158963
3.653177,0.158963
3.652567,0.158963
3.651956,0.158963
3.651346,0.158963
3.650736,0.158963
3.650125,0.158963
3.649515,0.158963
3.648904,0.158963
3.648294,0.158963
3.647684,0.158963
3.647073,0.158963
3.646463,0.158963
3.645852,0.158963
3.645242,0.158963
3.644632,0.158963
3.644021,0.158963
3.643411,0.158963
3.642800,0.158963
3.642190,0.158963
3.641580,0.158963
3.640969,0.158963
3.640359,0.158963
3.639749,0.158963
3.639138,0.158963
3.638528,0.158963
3.637917,0.158963
3.637307,0.158963
3.636697,0.158963
3.636086,0.158963
3.635476,0.158963
3.634865,0.158963
3.634255,0.158963
3.633645,0.158963
3.633034,0.158963
3.632424,0.158963
3.631813,0.158963
3.631203,0.158963
3.630593,0.158963
3.629982,0.158963
3.629372,0.158963
3.628762,0.158963
3.628151,0.158963
3.627541,0.158963
3.626930,0.158963
3.626320,0.158963
3.625710,0.158963
3.625099,0.158963
3.624489,0.158963
3.623878,0.158963
3.623268,0.158963
3.622658,0.158963
3.622047,0.158963
3.621437,0.158963
3.620826,0.158963
3.620216,0.158963
3.619606,0.158963
3.618995,0.158963
3.618385,0.158963
3.617775,0.158963
3.617164,0.158963
3.616554,0.158963
3.615943,0.158963
3.615333,0.158963
3.614723,0.158963
3.614112,0.158963
3.613502,0.158963
3.612891,0.158963
3.612281,0.158963
3.611671,0.158963
3.611060,0.158963
3.610450,0.158963
3.609839,0.158963
3.609229,0.158963
3.608619,0.158963
3.608008,0.158963
3.607398,0.158963
3.606788,0.158963
3.606177,0.158963
3.605567,0.158963
3.604956,0.158963
3.604346,0.158963
3.603736,0.158963
3.603125,0.158963
3.602515,0.158963
3.601904,0.158963
3.601294,0.158963
3.600684,0.158963
3.600073,0.158963
3.599463,0.158963
3.598852,0.158963
3.598242,0.158963
3.597632,0.158963
3.597021,0.158963
3.596411,0.158963
3.595801,0.158963
3.595190,0.158963
3.594580,0.158963
3.593969,0.158963
3.593359,0.158963
3.592749,0.158963
3.592138,0.158963
3.591528,0.158963
3.590917,0.158963
3.590307,0.158963
3.589697,0.158963
3.589086,0.158963
3.588476,0.158963
3.587865,0.158963
3.587255,0.158963
3.586645,0.158963
3.586034,0.158963
3.585424,0.158963
3.584814,0.158963
3.584203,0.158963
3.583593,0.158963
3.582982,0.158963
3.582372,0.158963
3.581762,0.158963
3.581151,0.158963
3.580541,0.158963
3.579930,0.158963
3.579320,0.158963
3.578710,0.158963
3.578099,0.158963
3.577489,0.158963
3.576878,0.158963
3.576268,0.158963
3.575658,0.158963
3.575047,0.158963
3.574437,0.158963
3.573827,0.158963
3.573216,0.158963
3.572606,0.158963
3.571995,0.158963
3.571385,0.158963
3.570775,0.158963
3.570164,0.158963
3.569554,0.158963
3.568943,0.158963
3.568333,0.158963
3.567723,0.158963
3.567112,0.158963
3.566502,0.158963
3.565891,0.158963
3.565281,0.158963
3.564671,0.158963
3.564060,0.158963
3.563450,0.158963
3.562840,0.158963
3.562229,0.158963
3.561619,0.158963
3.561008,0.158963
3.560398,0.158963
3.559788,0.158963
3.559177,0.158963
3.558567,0.158963
3.557956,0.158963
3.557346,0.158963
3.556736,0.158963
3.556125,0.158963
3.555515,0.158963
3.554904,0.158963
3.554294,0.158963
3.553684,0.158963
3.553073,0.158963
3.552463,0.158963
3.551853,0.158963
3.551242,0.158963
3.550632,0.158963
3.550021,0.158963
3.549411,0.158963
3.548801,0.158963
3.548190,0.158963
3.547580,0.158963
3.546969,0.158963
3.546359,0.158963
3.545749,0.158963
3.545138,0.158963
3.544528,0.158963
3.543917,0.158963
3.543307,0.158963
3.542697,0.158963
3.542086,0.158963
3.541476,0.158963
3.540866,0.158963
3.540255,0.158963
3.539645,0.158963
3.539034,0.158963
3.538424,0.158963
3.537814,0.158963
3.537203,0.158963
3.536593,0.158963
3.535982,0.158963
3.535372,0.158963
3.534762,0.158963
3.534151,0.158963
3.533541,0.158963
3.532930,0.158963
3.532320,0.158963
3.531710,0.158963
3.531099,0.158963
3.530489,0.158963
3.529879,0.158963
3.529268,0.158963
3.528658,0.158963
3.528047,0.158963
3.527437,0.158963
3.526827,0.158963
3.526216,0.158963
3.525606,0.158963
3.524995,0.158963
3.524385,0.158963
3.523775,0.158963
3.523164,0.158963
3.522554,0.158963
3.521943,0.158963
3.521333,0.158963
3.520723,0.158963
3.520112,0.158963
3.519502,0.158963
3.518892,0.158963
3.518281,0.158963
3.517671,0.158963
3.517060,0.158963
3.516450,0.158963
3.515840,0.158963
3.515229,0.158963
3.514619,0.158963
3.514008,0.158963
3.513398,0.158963
3.512788,0.158963
3.512177,0.158963
3.511567,0.158963
3.510956,0.158963
3.510346,0.158963
3.509736,0.158963
3.509125,0.158963
3.508515,0.158963
3.507905,0.158963
3.507294,0.158963
3.506684,0.158963
3.506073,0.158963
3.505463,0.158963
3.504853,0.158963
3.504242,0.158963
3.503632,0.158963
3.503021,0.158963
3.502411,0.158963
3.501801,0.158963
3.501190,0.158963
3.500580,0.158963
3.499969,0.158963
3.499359,0.158963
3.498749,0.158963
3.498138,0.158963
3.497528,0.158963
3.496918,0.158963
3.496307,0.158963
3.495697,0.158963
3.495086,0.158963
3.494476,0.158963
3.493866,0.158963
3.493255,0.158963
3.492645,0.158963
3.492034,0.158963
3.491424,0.158963
3.490814,0.158963
3.490203,0.158963
3.489593,0.158963
3.488982,0.158963
3.488372,0.158963
3.487762,0.158963
3.487151,0.158963
3.486541,0.158963
3.485931,0.158963
3.485320,0.158963
3.484710,0.158963
3.484099,0.158963
3.483489,0.158963
3.482879,0.158963
3.482268,0.158963
3.481658,0.158963
3.481047,0.158963
3.480437,0.158963
3.479827,0.158963
3.479216,0.158963
3.478606,0.158963
3.477995,0.158963
3.477385,0.158963
3.476775,0.158963
3.476164,0.158963
3.475554,0.158963
3.474944,0.158963
3.474333,0.158963
3.473723,0.158963
3.473112,0.158963
3.472502,0.158963
3.471892,0.158963
3.471281,0.158963
3.470671,0.158963
3.470060,0.158963
3.469450,0.158963
3.468840,0.158963
3.468229,0.158963
3.467619,0.158963
3.467008,0.158963
3.466398,0.158963
3.465788,0.158963
3.465177,0.158963
3.464567,0.158963
3.463957,0.158963
3.463346,0.158963
3.462736,0.158963
3.462125,0.158963
3.461515,0.158963
3.460905,0.158963
3.460294,0.158963
3.459684,0.158963
3.459073,0.158963
3.458463,0.158963
3.457853,0.158963
3.457242,0.158963
3.456632,0.158963
3.456021,0.158963
3.455411,0.158963
3.454801,0.158963
3.454190,0.158963
3.453580,0.158963
3.452970,0.158963
3.452359,0.158963
3.451749,0.158963
3.451138,0.158963
3.450528,0.158963
3.449918,0.158963
3.449307,0.158963
3.448697,0.158963
3.448086,0.158963
3.447476,0.158963
3.446866,0.158963
3.446255,0.158963
3.445645,0.158963
3.445034,0.158963
3.444424,0.158963
3.443814,0.158963
3.443203,0.158963
3.442593,0.158963
3.441983,0.158963
3.441372,0.158963
3.440762,0.158963
3.440151,0.158963
3.439541,0.158963
3.438931,0.158963
3.438320,0.158963
3.437710,0.158963
3.437099,0.158963
3.436489,0.158963
3.435879,0.158963
3.435268,0.158963
3.434658,0.158963
3.434047,0.158963
3.433437,0.158963
3.432827,0.158963
3.432216,0.158963
3.431606,0.158963
3.430996,0.158963
3.430385,0.158963
3.429775,0.158963
3.429164,0.158963
3.428554,0.158963
3.427944,0.158963
3.427333,0.158963
3.426723,0.158963
3.426112,0.158963
3.425502,0.158963
3.424892,0.158963
3.424281,0.158963
3.423671,0.158963
3.423060,0.158963
3.422450,0.158963
3.421840,0.158963
3.421229,0.158963
3.420619,0.158963
3.420009,0.158963
3.419398,0.158963
3.418788,0.158963
3.418177,0.158963
3.417567,0.158963
3.416957,0.158963
3.416346,0.158963
3.415736,0.158963
3.415125,0.158963
3.414515,0.158963
3.413905,0.158963
3.413294,0.158963
3.412684,0.158963
3.412073,0.158963
3.411463,0.158963
3.410853,0.158963
3.410242,0.158963
3.409632,0.158963
3.409022,0.158963
3.408411,0.158963
3.407801,0.158963
3.407190,0.158963
3.406580,0.158963
3.405970,0.158963
3.405359,0.158963
3.404749,0.158963
3.404138,0.158963
3.403528,0.158963
3.402918,0.158963
3.402307,0.158963
3.401697,0.158963
3.401086,0.158963
3.400476,0.158963
3.399866,0.158963
3.399255,0.158963
3.398645,0.158963
3.398035,0.158963
3.397424,0.158963
3.396814,0.158963
3.396203,0.158963
3.395593,0.158963
3.394983,0.158963
3.394372,0.158963
3.393762,0.158963
3.393151,0.158963
3.392541,0.158963
3.391931,0.158963
3.391320,0.158963
3.390710,0.158963
3.390099,0.158963
3.389489,0.158963
3.388879,0.158963
3.388268,0.158963
3.387658,0.158963
3.387048,0.158963
3.386437,0.158963
3.385827,0.158963
3.385216,0.158963
3.384606,0.158963
3.383996,0.158963
3.383385,0.158963
3.382775,0.158963
3.382164,0.158963
3.381554,0.158963
3.380944,0.158963
3.380333,0.158963
3.379723,0.158963
3.379112,0.158963
3.378502,0.158963
3.377892,0.158963
3.377281,0.158963
3.376671,0.158963
3.376061,0.158963
3.375450,0.158963
3.374840,0.158963
3.374229,0.158963
3.373619,0.158963
3.373009,0.158963
3.372398,0.158963
3.371788,0.158963
3.371177,0.158963
3.370567,0.158963
3.369957,0.158963
3.369346,0.158963
3.368736,0.158963
3.368125,0.158963
3.367515,0.158963
3.366905,0.158963
3.366294,0.158963
3.365684,0.158963
3.365074,0.158963
3.364463,0.158963
3.363853,0.158963
3.363242,0.158963
3.362632,0.158963
3.362022,0.158963
3.361411,0.158963
3.360801,0.158963
3.360190,0.158963
3.359580,0.158963
3.358970,0.158963
3.358359,0.158963
3.357749,0.158963
3.357138,0.158963
3.356528,0.158963
3.355918,0.158963
3.355307,0.158963
3.354697,0.158963
3.354087,0.158963
3.353476,0.158963
3.352866,0.158963
3.352255,0.158963
3.351645,0.158963
3.351035,0.158963
3.350424,0.158963
3.349814,0.158963
3.349203,0.158963
3.348593,0.158963
3.347983,0.158963
3.347372,0.158963
3.346762,0.158963
3.346151,0.158963
3.345541,0.158963
3.344931,0.158963
3.344320,0.158963
3.343710,0.158963
3.343100,0.158963
3.342489,0.158963
3.341879,0.158963
3.341268,0.158963
3.340658,0.158963
3.340048,0.158963
3.339437,0.158963
3.338827,0.158963
3.338216,0.158963
3.337606,0.158963
3.336996,0.158963
3.336385,0.158963
3.335775,0.158963
3.335164,0.158963
3.334554,0.158963
3.333944,0.158963
3.333333,0.158963
3.332723,0.158963
3.332113,0.158963
3.331502,0.158963
3.330892,0.158963
3.330281,0.158963
3.329671,0.158963
3.329061,0.158963
3.328450,0.158963
3.327840,0.158963
3.327229,0.158963
3.326619,0.158963
3.326009,0.158963
3.325398,0.158963
3.324788,0.158963
3.324178,0.158963
3.323567,0.158963
3.322957,0.158963
3.322346,0.158963
3.321736,0.158963
3.321126,0.158963
3.320515,0.158963
3.319905,0.158963
3.319294,0.158963
3.318684,0.158963
3.318074,0.158963
3.317463,0.158963
3.316853,0.158963
3.316242,0.158963
3.315632,0.158963
3.315022,0.158963
3.314411,0.158963
3.313801,0.158963
3.313191,0.158963
3.312580,0.158963
3.311970,0.158963
3.311359,0.158963
3.310749,0.158963
3.310139,0.158963
3.309528,0.158963
3.308918,0.158963
3.308307,0.158963
3.307697,0.158963
3.307087,0.158963
3.306476,0.158963
3.305866,0.158963
3.305255,0.158963
3.304645,0.158963
3.304035,0.158963
3.303424,0.158963
3.302814,0.158963
3.302204,0.158963
3.301593,0.158963
3.300983,0.158963
3.300372,0.158963
3.299762,0.158963
3.299152,0.158963
3.298541,0.158963
3.297931,0.158963
3.297320,0.158963
3.296710,0.158963
3.296100,0.158963
3.295489,0.158963
3.294879,0.158963
3.294268,0.158963
3.293658,0.158963
3.293048,0.158963
3.292437,0.158963
3.291827,0.158963
3.291217,0.158963
3.290606,0.158963
3.289996,0.158963
3.289385,0.158963
3.288775,0.158963
3.288165,0.158963
3.287554,0.158963
3.286944,0.158963
3.286333,0.158963
3.285723,0.158963
3.285113,0.158963
3.284502,0.158963
3.283892,0.158963
3.283281,0.158963
3.282671,0.158963
3.282061,0.158963
3.281450,0.158963
3.280840,0.158963
3.280230,0.158963
3.279619,0.158963
3.279009,0.158963
3.278398,0.158963
3.277788,0.158963
3.277178,0.158963
3.276567,0.158963
3.275957,0.158963
3.275346,0.158963
3.274736,0.158963
3.274126,0.158963
3.273515,0.158963
3.272905,0.158963
3.272294,0.158963
3.271684,0.158963
3.271074,0.158963
3.270463,0.158963
3.269853,0.158963
3.269243,0.158963
3.268632,0.158963
3.268022,0.158963
3.267411,0.158963
3.266801,0.158963
3.266191,0.158963
3.265580,0.158963
3.264970,0.158963
3.264359,0.158963
3.263749,0.158963
3.263139,0.158963
3.262528,0.158963
3.261918,0.158963
3.261307,0.158963
3.260697,0.158963
3.260087,0.158963
3.259476,0.158963
3.258866,0.158963
3.258256,0.158963
3.257645,0.158963
3.257035,0.158963
3.256424,0.158963
3.255814,0.158963
3.255204,0.158963
3.254593,0.158963
3.253983,0.158963
3.253372,0.158963
3.252762,0.158963
3.252152,0.158963
3.251541,0.158963
3.250931,0.158963
3.250320,0.158963
3.249710,0.158963
3.249100,0.158963
3.248489,0.158963
3.247879,0.158963
3.247269,0.158963
3.246658,0.158963
3.246048,0.158963
3.245437,0.158963
3.244827,0.158963
3.244217,0.158963
3.243606,0.158963
3.242996,0.158963
3.242385,0.158963
3.241775,0.158963
3.241165,0.158963
3.240554,0.158963
3.239944,0.158963
3.239333,0.158963
3.238723,0.158963
3.238113,0.158963
3.237502,0.158963
3.236892,0.158963
3.236282,0.158963
3.235671,0.158963
3.235061,0.158963
3.234450,0.158963
3.233840,0.158963
3.233230,0.158963
3.232619,0.158963
3.232009,0.158963
3.231398,0.158963
3.230788,0.158963
3.230178,0.158963
3.229567,0.158963
3.228957,0.158963
3.228346,0.158963
3.227736,0.158963
3.227126,0.158963
3.226515,0.158963
3.225905,0.158963
3.225295,0.158963
3.224684,0.158963
3.224074,0.158963
3.223463,0.158963
3.222853,0.158963
3.222243,0.158963
3.221632,0.158963
3.221022,0.158963
3.220411,0.158963
3.219801,0.158963
3.219191,0.158963
3.218580,0.158963
3.217970,0.158963
3.217359,0.158963
3.216749,0.158963
3.216139,0.158963
3.215528,0.158963
3.214918,0.158963
3.214308,0.158963
3.213697,0.158963
3.213087,0.158963
3.212476,0.158963
3.211866,0.158963
3.211256,0.158963
3.210645,0.158963
3.210035,0.158963
3.209424,0.158963
3.208814,0.158963
3.208204,0.158963
3.207593,0.158963
3.206983,0.158963
3.206372,0.158963
3.205762,0.158963
3.205152,0.158963
3.204541,0.158963
3.203931,0.158963
3.203321,0.158963
3.202710,0.158963
3.202100,0.158963
3.201489,0.158963
3.200879,0.158963
3.200269,0.158963
3.199658,0.158963
3.199048,0.158963
3.198437,0.158963
3.197827,0.158963
3.197217,0.158963
3.196606,0.158963
3.195996,0.158963
3.195385,0.158963
3.194775,0.158963
3.194165,0.158963
3.193554,0.158963
3.192944,0.158963
3.192334,0.158963
3.191723,0.158963
3.191113,0.158963
3.190502,0.158963
3.189892,0.158963
3.189282,0.158963
3.188671,0.158963
3.188061,0.158963
3.187450,0.158963
3.186840,0.158963
3.186230,0.158963
3.185619,0.158963
3.185009,0.158963
3.184398,0.158963
3.183788,0.158963
3.183178,0.158963
3.182567,0.158963
3.181957,0.158963
3.181347,0.158963
3.180736,0.158963
3.180126,0.158963
3.179515,0.158963
3.178905,0.158963
3.178295,0.158963
3.177684,0.158963
3.177074,0.158963
3.176463,0.158963
3.175853,0.158963
3.175243,0.158963
3.174632,0.158963
3.174022,0.158963
3.173411,0.158963
3.172801,0.158963
3.172191,0.158963
3.171580,0.158963
3.170970,0.158963
3.170360,0.158963
3.169749,0.158963
3.169139,0.158963
3.168528,0.158963
3.167918,0.158963
3.167308,0.158963
3.166697,0.158963
3.166087,0.158963
3.165476,0.158963
3.164866,0.158963
3.164256,0.158963
3.163645,0.158963
3.163035,0.158963
3.162424,0.158963
3.161814,0.158963
3.161204,0.158963
3.160593,0.158963
3.159983,0.158963
3.159373,0.158963
3.158762,0.158963
3.158152,0.158963
3.157541,0.158963
3.156931,0.158963
3.156321,0.158963
3.155710,0.158963
3.155100,0.158963
3.154489,0.158963
3.153879,0.158963
3.153269,0.158963
3.152658,0.158963
3.152048,0.158963
3.151437,0.158963
3.150827,0.158963
3.150217,0.158963
3.149606,0.158963
3.148996,0.158963
3.148386,0.158963
3.147775,0.158963
3.147165,0.158963
3.146554,0.158963
3.145944,0.158963
3.145334,0.158963
3.144723,0.158963
3.144113,0.158963
3.143502,0.158963
3.142892,0.158963
3.142282,0.158963
3.141671,0.158963
3.141061,0.158963
3.140450,0.158963
3.139840,0.158963
3.139230,0.158963
3.138619,0.158963
3.138009,0.158963
3.137399,0.158963
3.136788,0.158963
3.136178,0.158963
3.135567,0.158963
3.134957,0.158963
3.134347,0.158963
3.133736,0.158963
3.133126,0.158963
3.132515,0.158963
3.131905,0.158963
3.131295,0.158963
3.130684,0.158963
3.130074,0.158963
3.129463,0.158963
3.128853,0.158963
3.128243,0.158963
3.127632,0.158963
3.127022,0.158963
3.126412,0.158963
3.125801,0.158963
3.125191,0.158963
3.124580,0.158963
3.123970,0.158963
3.123360,0.158963
3.122749,0.158963
3.122139,0.158963
3.121528,0.158963
3.120918,0.158963
3.120308,0.158963
3.119697,0.158963
3.119087,0.158963
3.118476,0.158963
3.117866,0.158963
3.117256,0.158963
3.116645,0.158963
3.116035,0.158963
3.115425,0.158963
3.114814,0.158963
3.114204,0.158963
3.113593,0.158963
3.112983,0.158963
3.112373,0.158963
3.111762,0.158963
3.111152,0.158963
3.110541,0.158963
3.109931,0.158963
3.109321,0.158963
3.108710,0.158963
3.108100,0.158963
3.107489,0.158963
3.106879,0.158963
3.106269,0.158963
3.105658,0.158963
3.105048,0.158963
3.104438,0.158963
3.103827,0.158963
3.103217,0.158963
3.102606,0.158963
3.101996,0.158963
3.101386,0.158963
3.100775,0.158963
3.100165,0.158963
3.099554,0.158963
3.098944,0.158963
3.098334,0.158963
3.097723,0.158963
3.097113,0.158963
3.096502,0.158963
3.095892,0.158963
3.095282,0.158963
3.094671,0.158963
3.094061,0.158963
3.093451,0.158963
3.092840,0.158963
3.092230,0.158963
3.091619,0.158963
3.091009,0.158963
3.090399,0.158963
3.089788,0.158963
3.089178,0.158963
3.088567,0.158963
3.087957,0.158963
3.087347,0.158963
3.086736,0.158963
3.086126,0.158963
3.085515,0.158963
3.084905,0.158963
3.084295,0.158963
3.083684,0.158963
3.083074,0.158963
3.082464,0.158963
3.081853,0.158963
3.081243,0.158963
3.080632,0.158963
3.080022,0.158963
3.079412,0.158963
3.078801,0.158963
3.078191,0.158963
3.077580,0.158963
3.076970,0.158963
3.076360,0.158963
3.075749,0.158963
3.075139,0.158963
3.074528,0.158963
3.073918,0.158963
3.073308,0.158963
3.072697,0.158963
3.072087,0.158963
3.071477,0.158963
3.070866,0.158963
3.070256,0.158963
3.069645,0.158963
3.069035,0.158963
3.068425,0.158963
3.067814,0.158963
3.067204,0.158963
3.066593,0.158963
3.065983,0.158963
3.065373,0.158963
3.064762,0.158963
3.064152,0.158963
3.063541,0.158963
3.062931,0.158963
3.062321,0.158963
3.061710,0.158963
3.061100,0.158963
3.060490,0.158963
3.059879,0.158963
3.059269,0.158963
3.058658,0.158963
3.058048,0.158963
3.057438,0.158963
3.056827,0.158963
3.056217,0.158963
3.055606,0.158963
3.054996,0.158963
3.054386,0.158963
3.053775,0.158963
3.053165,0.158963
3.052554,0.158963
3.051944,0.158963
3.051334,0.158963
3.050723,0.158963
3.050113,0.158963
3.049503,0.158963
3.048892,0.158963
3.048282,0.158963
3.047671,0.158963
3.047061,0.158963
3.046451,0.158963
3.045840,0.158963
3.045230,0.158963
3.044619,0.158963
3.044009,0.158963
3.043399,0.158963
3.042788,0.158963
3.042178,0.158963
3.041567,0.158963
3.040957,0.158963
3.040347,0.158963
3.039736,0.158963
3.039126,0.158963
3.038516,0.158963
3.037905,0.158963
3.037295,0.158963
3.036684,0.158963
3.036074,0.158963
3.035464,0.158963
3.034853,0.158963
3.034243,0.158963
3.033632,0.158963
3.033022,0.158963
3.032412,0.158963
3.031801,0.158963
3.031191,0.158963
3.030580,0.158963
3.029970,0.158963
3.029360,0.158963
3.028749,0.158963
3.028139,0.158963
3.027529,0.158963
3.026918,0.158963
3.026308,0.158963
3.025697,0.158963
3.025087,0.158963
3.024477,0.158963
3.023866,0.158963
3.023256,0.158963
3.022645,0.158963
3.022035,0.158963
3.021425,0.158963
3.020814,0.158963
3.020204,0.158963
3.019593,0.158963
3.018983,0.158963
3.018373,0.158963
3.017762,0.158963
3.017152,0.158963
3.016542,0.158963
3.015931,0.158963
3.015321,0.158963
3.014710,0.158963
3.014100,0.158963
3.013490,0.158963
3.012879,0.158963
3.012269,0.158963
3.011658,0.158963
3.011048,0.158963
3.010438,0.158963
3.009827,0.158963
3.009217,0.158963
3.008606,0.158963
3.007996,0.158963
3.007386,0.158963
3.006775,0.158963
3.006165,0.158963
3.005555,0.158963
3.004944,0.158963
3.004334,0.158963
3.003723,0.158963
3.003113,0.158963
3.002503,0.158963
3.001892,0.158963
3.001282,0.158963
3.000671,0.158963
3.000061,0.158963
2.999451,0.158963
2.998840,0.158963
2.998230,0.158963
2.997619,0.158963
2.997009,0.158963
2.996399,0.158963
2.995788,0.158963
2.995178,0.158963
2.994568,0.158963
2.993957,0.158963
2.993347,0.158963
2.992736,0.158963
2.992126,0.158963
2.991516,0.158963
2.990905,0.158963
2.990295,0.158963
2.989684,0.158963
2.989074,0.158963
2.988464,0.158963
2.987853,0.158963
2.987243,0.158963
2.986632,0.158963
2.986022,0.158963
2.985412,0.158963
2.984801,0.158963
2.984191,0.158963
2.983581,0.158963
2.982970,0.158963
2.982360,0.158963
2.981749,0.158963
2.981139,0.158963
2.980529,0.158963
2.979918,0.158963
2.979308,0.158963
2.978697,0.158963
2.978087,0.158963
2.977477,0.158963
2.976866,0.158963
2.976256,0.158963
2.975645,0.158963
2.975035,0.158963
2.974425,0.158963
2.973814,0.158963
2.973204,0.158963
2.972594,0.158963
2.971983,0.158963
2.971373,0.158963
2.970762,0.158963
2.970152,0.158963
2.969542,0.158963
2.968931,0.158963
2.968321,0.158963
2.967710,0.158963
2.967100,0.158963
2.966490,0.158963
2.965879,0.158963
2.965269,0.158963
2.964658,0.158963
2.964048,0.158963
2.963438,0.158963
2.962827,0.158963
2.962217,0.158963
2.961607,0.158963
2.960996,0.158963
2.960386,0.158963
2.959775,0.158963
2.959165,0.158963
2.958555,0.158963
2.957944,0.158963
2.957334,0.158963
2.956723,0.158963
2.956113,0.158963
2.955503,0.158963
2.954892,0.158963
2.954282,0.158963
2.953671,0.158963
2.953061,0.158963
2.952451,0.158963
2.951840,0.158963
2.951230,0.158963
2.950620,0.158963
2.950009,0.158963
2.949399,0.158963
2.948788,0.158963
2.948178,0.158963
2.947568,0.158963
2.946957,0.158963
2.946347,0.158963
2.945736,0.158963
2.945126,0.158963
2.944516,0.158963
2.943905,0.158963
2.943295,0.158963
2.942684,0.158963
2.942074,0.158963
2.941464,0.158963
2.940853,0.158963
2.940243,0.158963
2.939633,0.158963
2.939022,0.158963
2.938412,0.158963
2.937801,0.158963
2.937191,0.158963
2.936581,0.158963
2.935970,0.158963
2.935360,0.158963
2.934749,0.158963
2.934139,0.158963
2.933529,0.158963
2.932918,0.158963
2.932308,0.158963
2.931697,0.158963
2.931087,0.158963
2.930477,0.158963
2.929866,0.158963
2.929256,0.158963
2.928646,0.158963
2.928035,0.158963
2.927425,0.158963
2.926814,0.158963
2.926204,0.158963
2.925594,0.158963
2.924983,0.158963
2.924373,0.158963
2.923762,0.158963
2.923152,0.158963
2.922542,0.158963
2.921931,0.158963
2.921321,0.158963
2.920710,0.158963
2.920100,0.158963
2.919490,0.158963
2.918879,0.158963
2.918269,0.158963
2.917659,0.158963
2.917048,0.158963
2.916438,0.158963
2.915827,0.158963
2.915217,0.158963
2.914607,0.158963
2.913996,0.158963
2.913386,0.158963
2.912775,0.158963
2.912165,0.158963
2.911555,0.158963
2.910944,0.158963
2.910334,0.158963
2.909723,0.158963
2.909113,0.158963
2.908503,0.158963
2.907892,0.158963
2.907282,0.158963
2.906672,0.158963
2.906061,0.158963
2.905451,0.158963
2.904840,0.158963
2.904230,0.158963
2.903620,0.158963
2.903009,0.158963
2.902399,0.158963
2.901788,0.158963
2.901178,0.158963
2.900568,0.158963
2.899957,0.158963
2.899347,0.158963
2.898736,0.158963
2.898126,0.158963
2.897516,0.158963
2.896905,0.158963
2.896295,0.158963
2.895685,0.158963
2.895074,0.158963
2.894464,0.158963
2.893853,0.158963
2.893243,0.158963
2.892633,0.158963
2.892022,0.158963
2.891412,0.158963
2.890801,0.158963
2.890191,0.158963
2.889581,0.158963
2.888970,0.158963
2.888360,0.158963
2.887749,0.158963
2.887139,0.158963
2.886529,0.158963
2.885918,0.158963
2.885308,0.158963
2.884698,0.158963
2.884087,0.158963
2.883477,0.158963
2.882866,0.158963
2.882256,0.158963
2.881646,0.158963
2.881035,0.158963
2.880425,0.158963
2.879814,0.158963
2.879204,0.158963
2.878594,0.158963
2.877983,0.158963
2.877373,0.158963
2.876762,0.158963
2.876152,0.158963
2.875542,0.158963
2.874931,0.158963
2.874321,0.158963
2.873711,0.158963
2.873100,0.158963
2.872490,0.158963
2.871879,0.158963
2.871269,0.158963
2.870659,0.158963
2.870048,0.158963
2.869438,0.158963
2.868827,0.158963
2.868217,0.158963
2.867607,0.158963
2.866996,0.158963
2.866386,0.158963
2.865775,0.158963
2.865165,0.158963
2.864555,0.158963
2.863944,0.158963
2.863334,0.158963
2.862724,0.158963
2.862113,0.158963
2.861503,0.158963
2.860892,0.158963
2.860282,0.158963
2.859672,0.158963
2.859061,0.158963
2.858451,0.158963
2.857840,0.158963
2.857230,0.158963
2.856620,0.158963
2.856009,0.158963
2.855399,0.158963
2.854789,0.158963
2.854178,0.158963
2.853568,0.158963
2.852957,0.158963
2.852347,0.158963
2.851737,0.158963
2.851126,0.158963
2.850516,0.158963
2.849905,0.158963
2.849295,0.158963
2.848685,0.158963
2.848074,0.158963
2.847464,0.158963
2.846853,0.158963
2.846243,0.158963
2.845633,0.158963
2.845022,0.158963
2.844412,0.158963
2.843802,0.158963
2.843191,0.158963
2.842581,0.158963
2.841970,0.158963
2.841360,0.158963
2.840750,0.158963
2.840139,0.158963
2.839529,0.158963
2.838918,0.158963
2.838308,0.158963
2.837698,0.158963
2.837087,0.158963
2.836477,0.158963
2.835866,0.158963
2.835256,0.158963
2.834646,0.158963
2.834035,0.158963
2.833425,0.158963
2.832815,0.158963
2.832204,0.158963
2.831594,0.158963
2.830983,0.158963
2.830373,0.158963
2.829763,0.158963
2.829152,0.158963
2.828542,0.158963
2.827931,0.158963
2.827321,0.158963
2.826711,0.158963
2.826100,0.158963
2.825490,0.158963
2.824879,0.158963
2.824269,0.158963
2.823659,0.158963
2.823048,0.158963
2.822438,0.158963
2.821828,0.158963
2.821217,0.158963
2.820607,0.158963
2.819996,0.158963
2.819386,0.158963
2.818776,0.158963
2.818165,0.158963
2.817555,0.158963
2.816944,0.158963
2.816334,0.158963
2.815724,0.158963
2.815113,0.158963
2.814503,0.158963
2.813892,0.158963
2.813282,0.158963
2.812672,0.158963
2.812061,0.158963
2.811451,0.158963
2.810841,0.158963
2.810230,0.158963
2.809620,0.158963
2.809009,0.158963
2.808399,0.158963
2.807789,0.158963
2.807178,0.158963
2.806568,0.158963
2.805957,0.158963
2.805347,0.158963
2.804737,0.158963
2.804126,0.158963
2.803516,0.158963
2.802905,0.158963
2.802295,0.158963
2.801685,0.158963
2.801074,0.158963
2.800464,0.158963
2.799854,0.158963
2.799243,0.158963
2.798633,0.158963
2.798022,0.158963
2.797412,0.158963
2.796802,0.158963
2.796191,0.158963
2.795581,0.158963
2.794970,0.158963
2.794360,0.158963
2.793750,0.158963
2.793139,0.158963
2.792529,0.158963
2.791918,0.158963
2.791308,0.158963
2.790698,0.158963
2.790087,0.158963
2.789477,0.158963
2.788867,0.158963
2.788256,0.158963
2.787646,0.158963
2.787035,0.158963
2.786425,0.158963
2.785815,0.158963
2.785204,0.158963
2.784594,0.158963
2.783983,0.158963
2.783373,0.158963
2.782763,0.158963
2.782152,0.158963
2.781542,0.158963
2.780931,0.158963
2.780321,0.158963
2.779711,0.158963
2.779100,0.158963
2.778490,0.158963
2.777880,0.158963
2.777269,0.158963
2.776659,0.158963
2.776048,0.158963
2.775438,0.158963
2.774828,0.158963
2.774217,0.158963
2.773607,0.158963
2.772996,0.158963
2.772386,0.158963
2.771776,0.158963
2.771165,0.158963
2.770555,0.158963
2.769944,0.158963
2.769334,0.158963
2.768724,0.158963
2.768113,0.158963
2.767503,0.158963
2.766893,0.158963
2.766282,0.158963
2.765672,0.158963
2.765061,0.158963
2.764451,0.158963
2.763841,0.158963
2.763230,0.158963
2.762620,0.158963
2.762009,0.158963
2.761399,0.158963
2.760789,0.158963
2.760178,0.158963
2.759568,0.158963
2.758957,0.158963
2.758347,0.158963
2.757737,0.158963
2.757126,0.158963
2.756516,0.158963
2.755906,0.158963
2.755295,0.158963
2.754685,0.158963
2.754074,0.158963
2.753464,0.158963
2.752854,0.158963
2.752243,0.158963
2.751633,0.158963
2.751022,0.158963
2.750412,0.158963
2.749802,0.158963
2.749191,0.158963
2.748581,0.158963
2.747970,0.158963
2.747360,0.158963
2.746750,0.158963
2.746139,0.158963
2.745529,0.158963
2.744919,0.158963
2.744308,0.158963
2.743698,0.158963
2.743087,0.158963
2.742477,0.158963
2.741867,0.158963
2.741256,0.158963
2.740646,0.158963
2.740035,0.158963
2.739425,0.158963
2.738815,0.158963
2.738204,0.158963
2.737594,0.158963
2.736983,0.158963
2.736373,0.158963
2.735763,0.158963
2.735152,0.158963
2.734542,0.158963
2.733932,0.158963
2.733321,0.158963
2.732711,0.158963
2.732100,0.158963
2.731490,0.158963
2.730880,0.158963
2.730269,0.158963
2.729659,0.158963
2.729048,0.158963
2.728438,0.158963
2.727828,0.158963
2.727217,0.158963
2.726607,0.158963
2.725996,0.158963
2.725386,0.158963
2.724776,0.158963
2.724165,0.158963
2.723555,0.158963
2.722945,0.158963
2.722334,0.158963
2.721724,0.158963
2.721113,0.158963
2.720503,0.158963
2.719893,0.158963
2.719282,0.158963
2.718672,0.158963
2.718061,0.158963
2.717451,0.158963
2.716841,0.158963
2.716230,0.158963
2.715620,0.158963
2.715009,0.158963
2.714399,0.158963
2.713789,0.158963
2.713178,0.158963
2.712568,0.158963
2.711958,0.158963
2.711347,0.158963
2.710737,0.158963
2.710126,0.158963
2.709516,0.158963
2.708906,0.158963
2.708295,0.158963
2.707685,0.158963
2.707074,0.158963
2.706464,0.158963
2.705854,0.158963
2.705243,0.158963
2.704633,0.158963
2.704022,0.158963
2.703412,0.158963
2.702802,0.158963
2.702191,0.158963
2.701581,0.158963
2.700971,0.158963
2.700360,0.158963
2.699750,0.158963
2.699139,0.158963
2.698529,0.158963
2.697919,0.158963
2.697308,0.158963
2.696698,0.158963
2.696087,0.158963
2.695477,0.158963
2.694867,0.158963
2.694256,0.158963
2.693646,0.158963
2.693035,0.158963
2.692425,0.158963
2.691815,0.158963
2.691204,0.158963
2.690594,0.158963
2.689984,0.158963
2.689373,0.158963
2.688763,0.158963
2.688152,0.158963
2.687542,0.158963
2.686932,0.158963
2.686321,0.158963
2.685711,0.158963
2.685100,0.158963
2.684490,0.158963
2.683880,0.158963
2.683269,0.158963
2.682659,0.158963
2.682048,0.158963
2.681438,0.158963
2.680828,0.158963
2.680217,0.158963
2.679607,0.158963
2.678997,0.158963
2.678386,0.158963
2.677776,0.158963
2.677165,0.158963
2.676555,0.158963
2.675945,0.158963
2.675334,0.158963
2.674724,0.158963
2.674113,0.158963
2.673503,0.158963
2.672893,0.158963
2.672282,0.158963
2.671672,0.158963
2.671061,0.158963
2.670451,0.158963
2.669841,0.158963
2.669230,0.158963
2.668620,0.158963
2.668010,0.158963
2.667399,0.158963
2.666789,0.158963
2.666178,0.158963
2.665568,0.158963
2.664958,0.158963
2.664347,0.158963
2.663737,0.158963
2.663126,0.158963
2.662516,0.158963
2.661906,0.158963
2.661295,0.158963
2.660685,0.158963
2.660074,0.158963
2.659464,0.158963
2.658854,0.158963
2.658243,0.158963
2.657633,0.158963
2.657023,0.158963
2.656412,0.158963
2.655802,0.158963
2.655191,0.158963
2.654581,0.158963
2.653971,0.158963
2.653360,0.158963
2.652750,0.158963
2.652139,0.158963
2.651529,0.158963
2.650919,0.158963
2.650308,0.158963
2.649698,0.158963
2.649087,0.158963
2.648477,0.158963
2.647867,0.158963
2.647256,0.158963
2.646646,0.158963
2.646036,0.158963
2.645425,0.158963
2.644815,0.158963
2.644204,0.158963
2.643594,0.158963
2.642984,0.158963
2.642373,0.158963
2.641763,0.158963
2.641152,0.158963
2.640542,0.158963
2.639932,0.158963
2.639321,0.158963
2.638711,0.158963
2.638100,0.158963
2.637490,0.158963
2.636880,0.158963
2.636269,0.158963
2.635659,0.158963
2.635049,0.158963
2.634438,0.158963
2.633828,0.158963
2.633217,0.158963
2.632607,0.158963
2.631997,0.158963
2.631386,0.158963
2.630776,0.158963
2.630165,0.158963
2.629555,0.158963
2.628945,0.158963
2.628334,0.158963
2.627724,0.158963
2.627113,0.158963
2.626503,0.158963
2.625893,0.158963
2.625282,0.158963
2.624672,0.158963
2.624062,0.158963
2.623451,0.158963
2.622841,0.158963
2.622230,0.158963
2.621620,0.158963
2.621010,0.158963
2.620399,0.158963
2.619789,0.158963
2.619178,0.158963
2.618568,0.158963
2.617958,0.158963
2.617347,0.158963
2.616737,0.158963
2.616126,0.158963
2.615516,0.158963
2.614906,0.158963
2.614295,0.158963
2.613685,0.158963
2.613075,0.158963
2.612464,0.158963
2.611854,0.158963
2.611243,0.158963
2.610633,0.158963
2.610023,0.158963
2.609412,0.158963
2.608802,0.158963
2.608191,0.158963
2.607581,0.158963
2.606971,0.158963
2.606360,0.158963
2.605750,0.158963
2.605139,0.158963
2.604529,0.158963
2.603919,0.158963
2.603308,0.158963
2.602698,0.158963
2.602088,0.158963
2.601477,0.158963
2.600867,0.158963
2.600256,0.158963
2.599646,0.158963
2.599036,0.158963
2.598425,0.158963
2.597815,0.158963
2.597204,0.158963
2.596594,0.158963
2.595984,0.158963
2.595373,0.158963
2.594763,0.158963
2.594152,0.158963
2.593542,0.158963
2.592932,0.158963
2.592321,0.158963
2.591711,0.158963
2.591101,0.158963
2.590490,0.158963
2.589880,0.158963
2.589269,0.158963
2.588659,0.158963
2.588049,0.158963
2.587438,0.158963
2.586828,0.158963
2.586217,0.158963
2.585607,0.158963
2.584997,0.158963
2.584386,0.158963
2.583776,0.158963
2.583165,0.158963
2.582555,0.158963
2.581945,0.158963
2.581334,0.158963
2.580724,0.158963
2.580114,0.158963
2.579503,0.158963
2.578893,0.158963
2.578282,0.158963
2.577672,0.158963
2.577062,0.158963
2.576451,0.158963
2.575841,0.158963
2.575230,0.158963
2.574620,0.158963
2.574010,0.158963
2.573399,0.158963
2.572789,0.158963
2.572178,0.158963
2.571568,0.158963
2.570958,0.158963
2.570347,0.158963
2.569737,0.158963
2.569127,0.158963
2.568516,0.158963
2.567906,0.158963
2.567295,0.158963
2.566685,0.158963
2.566075,0.158963
2.565464,0.158963
2.564854,0.158963
2.564243,0.158963
2.563633,0.158963
2.563023,0.158963
2.562412,0.158963
2.561802,0.158963
2.561191,0.158963
2.560581,0.158963
2.559971,0.158963
2.559360,0.158963
2.558750,0.158963
2.558140,0.158963
2.557529,0.158963
2.556919,0.158963
2.556308,0.158963
2.555698,0.158963
2.555088,0.158963
2.554477,0.158963
2.553867,0.158963
2.553256,0.158963
2.552646,0.158963
2.552036,0.158963
2.551425,0.158963
2.550815,0.158963
2.550204,0.158963
2.549594,0.158963
2.548984,0.158963
2.548373,0.158963
2.547763,0.158963
2.547153,0.158963
2.546542,0.158963
2.545932,0.158963
2.545321,0.158963
2.544711,0.158963
2.544101,0.158963
2.543490,0.158963
2.542880,0.158963
2.542269,0.158963
2.541659,0.158963
2.541049,0.158963
2.540438,0.158963
2.539828,0.158963
2.539217,0.158963
2.538607,0.158963
2.537997,0.158963
2.537386,0.158963
2.536776,0.158963
2.536166,0.158963
2.535555,0.158963
2.534945,0.158963
2.534334,0.158963
2.533724,0.158963
2.533114,0.158963
2.532503,0.158963
2.531893,0.158963
2.531282,0.158963
2.530672,0.158963
2.530062,0.158963
2.529451,0.158963
2.528841,0.158963
2.528230,0.158963
2.527620,0.158963
2.527010,0.158963
2.526399,0.158963
2.525789,0.158963
2.525179,0.158963
2.524568,0.158963
2.523958,0.158963
2.523347,0.158963
2.522737,0.158963
2.522127,0.158963
2.521516,0.158963
2.520906,0.158963
2.520295,0.158963
2.519685,0.158963
2.519075,0.158963
2.518464,0.158963
2.517854,0.158963
2.517243,0.158963
2.516633,0.158963
2.516023,0.158963
2.515412,0.158963
2.514802,0.158963
2.514192,0.158963
2.513581,0.158963
2.512971,0.158963
2.512360,0.158963
2.511750,0.158963
2.511140,0.158963
2.510529,0.158963
2.509919,0.158963
2.509308,0.158963
2.508698,0.158963
2.508088,0.158963
2.507477,0.158963
2.506867,0.158963
2.506256,0.158963
2.505646,0.158963
2.505036,0.158963
2.504425,0.158963
2.503815,0.158963
2.503205,0.158963
2.502594,0.158963
2.501984,0.158963
2.501373,0.158963
2.500763,0.158963
2.500153,0.158963
2.499542,0.158963
2.498932,0.158963
2.498321,0.158963
2.497711,0.158963
2.497101,0.158963
2.496490,0.158963
2.495880,0.158963
2.495269,0.158963
2.494659,0.158963
2.494049,0.158963
2.493438,0.158963
2.492828,0.158963
2.492218,0.158963
2.491607,0.158963
2.490997,0.158963
2.490386,0.158963
2.489776,0.158963
2.489166,0.158963
2.488555,0.158963
2.487945,0.158963
2.487334,0.158963
2.486724,0.158963
2.486114,0.158963
2.485503,0.158963
2.484893,0.158963
2.484282,0.158963
2.483672,0.158963
2.483062,0.158963
2.482451,0.158963
2.481841,0.158963
2.481231,0.158963
2.480620,0.158963
2.480010,0.158963
2.479399,0.158963
2.478789,0.158963
2.478179,0.158963
2.477568,0.158963
2.476958,0.158963
2.476347,0.158963
2.475737,0.158963
2.475127,0.158963
2.474516,0.158963
2.473906,0.158963
2.473295,0.158963
2.472685,0.158963
2.472075,0.158963
2.471464,0.158963
2.470854,0.158963
2.470244,0.158963
2.469633,0.158963
2.469023,0.158963
2.468412,0.158963
2.467802,0.158963
2.467192,0.158963
2.466581,0.158963
2.465971,0.158963
2.465360,0.158963
2.464750,0.158963
2.464140,0.158963
2.463529,0.158963
2.462919,0.158963
2.462308,0.158963
2.461698,0.158963
2.461088,0.158963
2.460477,0.158963
2.459867,0.158963
2.459257,0.158963
2.458646,0.158963
2.458036,0.158963
2.457425,0.158963
2.456815,0.158963
2.456205,0.158963
2.455594,0.158963
2.454984,0.158963
2.454373,0.158963
2.453763,0.158963
2.453153,0.158963
2.452542,0.158963
2.451932,0.158963
2.451321,0.158963
2.450711,0.158963
2.450101,0.158963
2.449490,0.158963
2.448880,0.158963
2.448270,0.158963
2.447659,0.158963
2.447049,0.158963
2.446438,0.158963
2.445828,0.158963
2.445218,0.158963
2.444607,0.158963
2.443997,0.158963
2.443386,0.158963
2.442776,0.158963
2.442166,0.158963
2.441555,0.158963
2.440945,0.158963
2.440334,0.158963
2.439724,0.158963
2.439114,0.158963
2.438503,0.158963
2.437893,0.158963
2.437283,0.158963
2.436672,0.158963
2.436062,0.158963
2.435451,0.158963
2.434841,0.158963
2.434231,0.158963
2.433620,0.158963
2.433010,0.158963
2.432399,0.158963
2.431789,0.158963
2.431179,0.158963
2.430568,0.158963
2.429958,0.158963
2.429347,0.158963
2.428737,0.158963
2.428127,0.158963
2.427516,0.158963
2.426906,0.158963
2.426296,0.158963
2.425685,0.158963
2.425075,0.158963
2.424464,0.158963
2.423854,0.158963
2.423244,0.158963
2.422633,0.158963
2.422023,0.158963
2.421412,0.158963
2.420802,0.158963
2.420192,0.158963
2.419581,0.158963
2.418971,0.158963
2.418360,0.158963
2.417750,0.158963
2.417140,0.158963
2.416529,0.158963
2.415919,0.158963
2.415309,0.158963
2.414698,0.158963
2.414088,0.158963
2.413477,0.158963
2.412867,0.158963
2.412257,0.158963
2.411646,0.158963
2.411036,0.158963
2.410425,0.158963
2.409815,0.158963
2.409205,0.158963
2.408594,0.158963
2.407984,0.158963
2.407373,0.158963
2.406763,0.158963
2.406153,0.158963
2.405542,0.158963
2.404932,0.158963
2.404322,0.158963
2.403711,0.158963
2.403101,0.158963
2.402490,0.158963
2.401880,0.158963
2.401270,0.158963
2.400659,0.158963
2.400049,0.158963
2.399438,0.158963
2.398828,0.158963
2.398218,0.158963
2.397607,0.158963
2.396997,0.158963
2.396386,0.158963
2.395776,0.158963
2.395166,0.158963
2.394555,0.158963
2.393945,0.158963
2.393335,0.158963
2.392724,0.158963
2.392114,0.158963
2.391503,0.158963
2.390893,0.158963
2.390283,0.158963
2.389672,0.158963
2.389062,0.158963
2.388451,0.158963
2.387841,0.158963
2.387231,0.158963
2.386620,0.158963
2.386010,0.158963
2.385399,0.158963
2.384789,0.158963
2.384179,0.158963
2.383568,0.158963
2.382958,0.158963
2.382348,0.158963
2.381737,0.158963
2.381127,0.158963
2.380516,0.158963
2.379906,0.158963
2.379296,0.158963
2.378685,0.158963
2.378075,0.158963
2.377464,0.158963
2.376854,0.158963
2.376244,0.158963
2.375633,0.158963
2.375023,0.158963
2.374413,0.158963
2.373802,0.158963
2.373192,0.158963
2.372581,0.158963
2.371971,0.158963
2.371361,0.158963
2.370750,0.158963
2.370140,0.158963
2.369529,0.158963
2.368919,0.158963
2.368309,0.158963
2.367698,0.158963
2.367088,0.158963
2.366477,0.158963
2.365867,0.158963
2.365257,0.158963
2.364646,0.158963
2.364036,0.158963
2.363426,0.158963
2.362815,0.158963
2.362205,0.158963
2.361594,0.158963
2.360984,0.158963
2.360374,0.158963
2.359763,0.158963
2.359153,0.158963
2.358542,0.158963
2.357932,0.158963
2.357322,0.158963
2.356711,0.158963
2.356101,0.158963
2.355490,0.158963
2.354880,0.158963
2.354270,0.158963
2.353659,0.158963
2.353049,0.158963
2.352439,0.158963
2.351828,0.158963
2.351218,0.158963
2.350607,0.158963
2.349997,0.158963
2.349387,0.158963
2.348776,0.158963
2.348166,0.158963
2.347555,0.158963
2.346945,0.158963
2.346335,0.158963
2.345724,0.158963
2.345114,0.158963
2.344503,0.158963
2.343893,0.158963
2.343283,0.158963
2.342672,0.158963
2.342062,0.158963
2.341452,0.158963
2.340841,0.158963
2.340231,0.158963
2.339620,0.158963
2.339010,0.158963
2.338400,0.158963
2.337789,0.158963
2.337179,0.158963
2.336568,0.158963
2.335958,0.158963
2.335348,0.158963
2.334737,0.158963
2.334127,0.158963
2.333516,0.158963
2.332906,0.158963
2.332296,0.158963
2.331685,0.158963
2.331075,0.158963
2.330465,0.158963
2.329854,0.158963
2.329244,0.158963
2.328633,0.158963
2.328023,0.158963
2.327413,0.158963
2.326802,0.158963
2.326192,0.158963
2.325581,0.158963
2.324971,0.158963
2.324361,0.158963
2.323750,0.158963
2.323140,0.158963
2.322529,0.158963
2.321919,0.158963
2.321309,0.158963
2.320698,0.158963
2.320088,0.158963
2.319478,0.158963
2.318867,0.158963
2.318257,0.158963
2.317646,0.158963
2.317036,0.158963
2.316426,0.158963
2.315815,0.158963
2.315205,0.158963
2.314594,0.158963
2.313984,0.158963
2.313374,0.158963
2.312763,0.158963
2.312153,0.158963
2.311542,0.158963
2.310932,0.158963
2.310322,0.158963
2.309711,0.158963
2.309101,0.158963
2.308491,0.158963
2.307880,0.158963
2.307270,0.158963
2.306659,0.158963
2.306049,0.158963
2.305439,0.158963
2.304828,0.158963
2.304218,0.158963
2.303607,0.158963
2.302997,0.158963
2.302387,0.158963
2.301776,0.158963
2.301166,0.158963
2.300555,0.158963
2.299945,0.158963
2.299335,0.158963
2.298724,0.158963
2.298114,0.158963
2.297504,0.158963
2.296893,0.158963
2.296283,0.158963
2.295672,0.158963
2.295062,0.158963
2.294452,0.158963
2.293841,0.158963
2.293231,0.158963
2.292620,0.158963
2.292010,0.158963
2.291400,0.158963
2.290789,0.158963
2.290179,0.158963
2.289568,0.158963
2.288958,0.158963
2.288348,0.158963
2.287737,0.158963
2.287127,0.158963
2.286517,0.158963
2.285906,0.158963
2.285296,0.158963
2.284685,0.158963
2.284075,0.158963
2.283465,0.158963
2.282854,0.158963
2.282244,0.158963
2.281633,0.158963
2.281023,0.158963
2.280413,0.158963
2.279802,0.158963
2.279192,0.158963
2.278581,0.158963
2.277971,0.158963
2.277361,0.158963
2.276750,0.158963
2.276140,0.158963
2.275530,0.158963
2.274919,0.158963
2.274309,0.158963
2.273698,0.158963
2.273088,0.158963
2.272478,0.158963
2.271867,0.158963
2.271257,0.158963
2.270646,0.158963
2.270036,0.158963
2.269426,0.158963
2.268815,0.158963
2.268205,0.158963
2.267594,0.158963
2.266984,0.158963
2.266374,0.158963
2.265763,0.158963
2.265153,0.158963
2.264543,0.158963
2.263932,0.158963
2.263322,0.158963
2.262711,0.158963
2.262101,0.158963
2.261491,0.158963
2.260880,0.158963
2.260270,0.158963
2.259659,0.158963
2.259049,0.158963
2.258439,0.158963
2.257828,0.158963
2.257218,0.158963
2.256607,0.158963
2.255997,0.158963
2.255387,0.158963
2.254776,0.158963
2.254166,0.158963
2.253556,0.158963
2.252945,0.158963
2.252335,0.158963
2.251724,0.158963
2.251114,0.158963
2.250504,0.158963
2.249893,0.158963
2.249283,0.158963
2.248672,0.158963
2.248062,0.158963
2.247452,0.158963
2.246841,0.158963
2.246231,0.158963
2.245620,0.158963
2.245010,0.158963
2.244400,0.158963
2.243789,0.158963
2.243179,0.158963
2.242569,0.158963
2.241958,0.158963
2.241348,0.158963
2.240737,0.158963
2.240127,0.158963
2.239517,0.158963
2.238906,0.158963
2.238296,0.158963
2.237685,0.158963
2.237075,0.158963
2.236465,0.158963
2.235854,0.158963
2.235244,0.158963
2.234633,0.158963
2.234023,0.158963
2.233413,0.158963
2.232802,0.158963
2.232192,0.158963
2.231582,0.158963
2.230971,0.158963
2.230361,0.158963
2.229750,0.158963
2.229140,0.158963
2.228530,0.158963
2.227919,0.158963
2.227309,0.158963
2.226698,0.158963
2.226088,0.158963
2.225478,0.158963
2.224867,0.158963
2.224257,0.158963
2.223646,0.158963
2.223036,0.158963
2.222426,0.158963
2.221815,0.158963
2.221205,0.158963
2.220595,0.158963
2.219984,0.158963
2.219374,0.158963
2.218763,0.158963
2.218153,0.158963
2.217543,0.158963
2.216932,0.158963
2.216322,0.158963
2.215711,0.158963
2.215101,0.158963
2.214491,0.158963
2.213880,0.158963
2.213270,0.158963
2.212659,0.158963
2.212049,0.158963
2.211439,0.158963
2.210828,0.158963
2.210218,0.158963
2.209608,0.158963
2.208997,0.158963
2.208387,0.158963
2.207776,0.158963
2.207166,0.158963
2.206556,0.158963
2.205945,0.158963
2.205335,0.158963
2.204724,0.158963
2.204114,0.158963
2.203504,0.158963
2.202893,0.158963
2.202283,0.158963
2.201672,0.158963
2.201062,0.158963
2.200452,0.158963
2.199841,0.158963
2.199231,0.158963
2.198621,0.158963
2.198010,0.158963
2.197400,0.158963
2.196789,0.158963
2.196179,0.158963
2.195569,0.158963
2.194958,0.158963
2.194348,0.158963
2.193737,0.158963
2.193127,0.158963
2.192517,0.158963
2.191906,0.158963
2.191296,0.158963
2.190685,0.158963
2.190075,0.158963
2.189465,0.158963
2.188854,0.158963
2.188244,0.158963
2.187634,0.158963
2.187023,0.158963
2.186413,0.158963
2.185802,0.158963
2.185192,0.158963
2.184582,0.158963
2.183971,0.158963
2.183361,0.158963
2.182750,0.158963
2.182140,0.158963
2.181530,0.158963
2.180919,0.158963
2.180309,0.158963
2.179698,0.158963
2.179088,0.158963
2.178478,0.158963
2.177867,0.158963
2.177257,0.158963
2.176647,0.158963
2.176036,0.158963
2.175426,0.158963
2.174815,0.158963
2.174205,0.158963
2.173595,0.158963
2.172984,0.158963
2.172374,0.158963
2.171763,0.158963
2.171153,0.158963
2.170543,0.158963
2.169932,0.158963
2.169322,0.158963
2.168711,0.158963
2.168101,0.158963
2.167491,0.158963
2.166880,0.158963
2.166270,0.158963
2.165660,0.158963
2.165049,0.158963
2.164439,0.158964
2.163828,0.158964
2.163218,0.158964
2.162608,0.158965
2.161997,0.158966
2.161387,0.158967
2.160776,0.158968
2.160166,0.158970
2.159556,0.158973
2.158945,0.158977
2.158335,0.158982
2.157724,0.158989
2.157114,0.158999
2.156504,0.159012
2.155893,0.159030
2.155283,0.159054
2.154673,0.159087
2.154062,0.159130
2.153452,0.159188
2.152841,0.159265
2.152231,0.159367
2.151621,0.159501
2.151010,0.159678
2.150400,0.159910
2.149789,0.160213
2.149179,0.160607
2.148569,0.161118
2.147958,0.161778
2.147348,0.162627
2.146737,0.163717
2.146127,0.165111
2.145517,0.166886
2.144906,0.169140
2.144296,0.171991
2.143686,0.175583
2.143075,0.180095
2.142465,0.185741
2.141854,0.192781
2.141244,0.201527
2.140634,0.212356
2.140023,0.225713
2.139413,0.242129
2.138802,0.262234
2.138192,0.286767
2.137582,0.316593
2.136971,0.352725
2.136361,0.396335
2.135750,0.448779
2.135140,0.511616
2.134530,0.586630
2.133919,0.675851
2.133309,0.781578
2.132699,0.906400
2.132088,1.053219
2.131478,1.225269
2.130867,1.426131
2.130257,1.659749
2.129647,1.930441
2.129036,2.242903
2.128426,2.602207
2.127815,3.013797
2.127205,3.483471
2.126595,4.017353
2.125984,4.621865
2.125374,5.303672
2.124763,6.069633
2.124153,6.926723
2.123543,7.881954
2.122932,8.942279
2.122322,10.114480
2.121712,11.405052
2.121101,12.820067
2.120491,14.365035
2.119880,16.044752
2.119270,17.863147
2.118660,19.823124
2.118049,21.926399
2.117439,24.173350
2.116828,26.562864
2.116218,29.092202
2.115608,31.756874
2.114997,34.550536
2.114387,37.464911
2.113776,40.489730
2.113166,43.612711
2.112556,46.819569
2.111945,50.094056
2.111335,53.418049
2.110725,56.771670
2.110114,60.133444
2.109504,63.480498
2.108893,66.788797
2.108283,70.033412
2.107673,73.188815
2.107062,76.229207
2.106452,79.128857
2.105841,81.862464
2.105231,84.405516
2.104621,86.734656
2.104010,88.828038
2.103400,90.665664
2.102789,92.229708
2.102179,93.504798
2.101569,94.478268
2.100958,95.140371
2.100348,95.484437
2.099738,95.506990
2.099127,95.207800
2.098517,94.589893
2.097906,93.659496
2.097296,92.425936
2.096686,90.901479
2.096075,89.101134
2.095465,87.042401
2.094854,84.744991
2.094244,82.230511
2.093634,79.522129
2.093023,76.644215
2.092413,73.621984
2.091802,70.481128
2.091192,67.247456
2.090582,63.946555
2.089971,60.603456
2.089361,57.242337
2.088751,53.886247
2.088140,50.556871
2.087530,47.274321
2.086919,44.056973
2.086309,40.921344
2.085699,37.881996
2.085088,34.951495
2.084478,32.140390
2.083867,29.457234
2.083257,26.908638
2.082647,24.499345
2.082036,22.232332
2.081426,20.108932
2.080815,18.128968
2.080205,16.290900
2.079595,14.591983
2.078984,13.028421
2.078374,11.595530
2.077764,10.287891
2.077153,9.099500
2.076543,8.023916
2.075932,7.054387
2.075322,6.183979
2.074712,5.405682
2.074101,4.712509
2.073491,4.097583
2.072880,3.554205
2.072270,3.075918
2.071660,2.656553
2.071049,2.290265
2.070439,1.971559
2.069828,1.695311
2.069218,1.456771
2.068608,1.251569
2.067997,1.075709
2.067387,0.925560
2.066777,0.797840
2.066166,0.689603
2.065556,0.598216
2.064945,0.521342
2.064335,0.456912
2.063725,0.403112
2.063114,0.358351
2.062504,0.321247
2.061893,0.290602
2.061283,0.265384
2.060673,0.244706
2.060062,0.227813
2.059452,0.214062
2.058841,0.202909
2.058231,0.193895
2.057621,0.186636
2.057010,0.180812
2.056400,0.176155
2.055790,0.172445
2.055179,0.169500
2.054569,0.167171
2.053958,0.165335
2.053348,0.163893
2.052738,0.162764
2.052127,0.161884
2.051517,0.161200
2.050906,0.160671
2.050296,0.160262
2.049686,0.159948
2.049075,0.159707
2.048465,0.159523
2.047854,0.159384
2.047244,0.159278
2.046634,0.159198
2.046023,0.159137
2.045413,0.159092
2.044803,0.159058
2.044192,0.159033
2.043582,0.159014
2.042971,0.159001
2.042361,0.158990
2.041751,0.158983
2.041140,0.158977
2.040530,0.158973
2.039919,0.158970
2.039309,0.158968
2.038699,0.158967
2.038088,0.158966
2.037478,0.158965
2.036867,0.158964
2.036257,0.158964
2.035647,0.158964
2.035036,0.158963
2.034426,0.158963
2.033816,0.158963
2.033205,0.158963
2.032595,0.158963
2.031984,0.158963
2.031374,0.158963
2.030764,0.158963
2.030153,0.158963
2.029543,0.158963
2.028932,0.158963
2.028322,0.158963
2.027712,0.158963
2.027101,0.158963
2.026491,0.158963
2.025880,0.158963
2.025270,0.158963
2.024660,0.158963
2.024049,0.158963
2.023439,0.158963
2.022829,0.158963
2.022218,0.158963
2.021608,0.158963
2.020997,0.158963
2.020387,0.158963
2.019777,0.158963
2.019166,0.158963
2.018556,0.158963
2.017945,0.158963
2.017335,0.158963
2.016725,0.158963
2.016114,0.158963
2.015504,0.158963
2.014893,0.158963
2.014283,0.158963
2.013673,0.158963
2.013062,0.158963
2.012452,0.158963
2.011842,0.158963
2.011231,0.158963
2.010621,0.158963
2.010010,0.158963
2.009400,0.158963
2.008790,0.158963
2.008179,0.158963
2.007569,0.158963
2.006958,0.158963
2.006348,0.158963
2.005738,0.158963
2.005127,0.158963
2.004517,0.158963
2.003906,0.158963
2.003296,0.158963
2.002686,0.158963
2.002075,0.158963
2.001465,0.158963
2.000855,0.158963
2.000244,0.158963
1.999634,0.158963
1.999023,0.158963
1.998413,0.158963
1.997803,0.158963
1.997192,0.158963
1.996582,0.158963
1.995971,0.158963
1.995361,0.158963
1.994751,0.158963
1.994140,0.158963
1.993530,0.158963
1.992919,0.158963
1.992309,0.158963
1.991699,0.158963
1.991088,0.158963
1.990478,0.158963
1.989868,0.158963
1.989257,0.158963
1.988647,0.158963
1.988036,0.158963
1.987426,0.158963
1.986816,0.158963
1.986205,0.158963
1.985595,0.158963
1.984984,0.158963
1.984374,0.158963
1.983764,0.158963
1.983153,0.158963
1.982543,0.158963
1.981932,0.158963
1.981322,0.158963
1.980712,0.158963
1.980101,0.158963
1.979491,0.158963
1.978881,0.158963
1.978270,0.158963
1.977660,0.158963
1.977049,0.158963
1.976439,0.158963
1.975829,0.158963
1.975218,0.158963
1.974608,0.158963
1.973997,0.158963
1.973387,0.158963
1.972777,0.158963
1.972166,0.158963
1.971556,0.158963
1.970945,0.158963
1.970335,0.158963
1.969725,0.158963
1.969114,0.158963
1.968504,0.158963
1.967894,0.158963
1.967283,0.158963
1.966673,0.158963
1.966062,0.158963
1.965452,0.158963
1.964842,0.158963
1.964231,0.158963
1.963621,0.158963
1.963010,0.158963
1.962400,0.158963
1.961790,0.158963
1.961179,0.158963
1.960569,0.158963
1.959958,0.158963
1.959348,0.158963
1.958738,0.158963
1.958127,0.158963
1.957517,0.158963
1.956907,0.158963
1.956296,0.158963
1.955686,0.158963
1.955075,0.158963
1.954465,0.158963
1.953855,0.158963
1.953244,0.158963
1.952634,0.158963
1.952023,0.158963
1.951413,0.158963
1.950803,0.158963
1.950192,0.158963
1.949582,0.158963
1.948971,0.158963
1.948361,0.158963
1.947751,0.158963
1.947140,0.158963
1.946530,0.158963
1.945920,0.158963
1.945309,0.158963
1.944699,0.158963
1.944088,0.158963
1.943478,0.158963
1.942868,0.158963
1.942257,0.158963
1.941647,0.158963
1.941036,0.158963
1.940426,0.158963
1.939816,0.158963
1.939205,0.158963
1.938595,0.158963
1.937984,0.158963
1.937374,0.158963
1.936764,0.158963
1.936153,0.158963
1.935543,0.158963
1.934933,0.158963
1.934322,0.158963
1.933712,0.158963
1.933101,0.158963
1.932491,0.158963
1.931881,0.158963
1.931270,0.158963
1.930660,0.158963
1.930049,0.158963
1.929439,0.158963
1.928829,0.158963
1.928218,0.158963
1.927608,0.158963
1.926997,0.158963
1.926387,0.158963
1.925777,0.158963
1.925166,0.158963
1.924556,0.158963
1.923946,0.158963
1.923335,0.158963
1.922725,0.158963
1.922114,0.158963
1.921504,0.158963
1.920894,0.158963
1.920283,0.158963
1.919673,0.158963
1.919062,0.158963
1.918452,0.158963
1.917842,0.158963
1.917231,0.158963
1.916621,0.158963
1.916010,0.158963
1.915400,0.158963
1.914790,0.158963
1.914179,0.158963
1.913569,0.158963
1.912959,0.158963
1.912348,0.158963
1.911738,0.158963
1.911127,0.158963
1.910517,0.158963
1.909907,0.158963
1.909296,0.158963
1.908686,0.158963
1.908075,0.158963
1.907465,0.158963
1.906855,0.158963
1.906244,0.158963
1.905634,0.158963
1.905023,0.158963
1.904413,0.158963
1.903803,0.158963
1.903192,0.158963
1.902582,0.158963
1.901972,0.158963
1.901361,0.158963
1.900751,0.158963
1.900140,0.158963
1.899530,0.158963
1.898920,0.158963
1.898309,0.158963
1.897699,0.158963
1.897088,0.158963
1.896478,0.158963
1.895868,0.158963
1.895257,0.158963
1.894647,0.158963
1.894037,0.158963
1.893426,0.158963
1.892816,0.158963
1.892205,0.158963
1.891595,0.158963
1.890985,0.158963
1.890374,0.158963
1.889764,0.158963
1.889153,0.158963
1.888543,0.158963
1.887933,0.158963
1.887322,0.158963
1.886712,0.158963
1.886101,0.158963
1.885491,0.158963
1.884881,0.158963
1.884270,0.158963
1.883660,0.158963
1.883050,0.158963
1.882439,0.158963
1.881829,0.158963
1.881218,0.158963
1.880608,0.158963
1.879998,0.158963
1.879387,0.158963
1.878777,0.158963
1.878166,0.158963
1.877556,0.158963
1.876946,0.158963
1.876335,0.158963
1.875725,0.158963
1.875114,0.158963
1.874504,0.158963
1.873894,0.158963
1.873283,0.158963
1.872673,0.158963
1.872063,0.158963
1.871452,0.158963
1.870842,0.158963
1.870231,0.158963
1.869621,0.158963
1.869011,0.158963
1.868400,0.158963
1.867790,0.158963
1.867179,0.158963
1.866569,0.158963
1.865959,0.158963
1.865348,0.158963
1.864738,0.158963
1.864127,0.158963
1.863517,0.158963
1.862907,0.158963
1.862296,0.158963
1.861686,0.158963
1.861076,0.158963
1.860465,0.158963
1.859855,0.158963
1.859244,0.158963
1.858634,0.158963
1.858024,0.158963
1.857413,0.158963
1.856803,0.158963
1.856192,0.158963
1.855582,0.158963
1.854972,0.158963
1.854361,0.158963
1.853751,0.158963
1.853140,0.158963
1.852530,0.158963
1.851920,0.158963
1.851309,0.158963
1.850699,0.158963
1.850089,0.158963
1.849478,0.158963
1.848868,0.158963
1.848257,0.158963
1.847647,0.158963
1.847037,0.158963
1.846426,0.158963
1.845816,0.158963
1.845205,0.158963
1.844595,0.158963
1.843985,0.158963
1.843374,0.158963
1.842764,0.158963
1.842153,0.158963
1.841543,0.158963
1.840933,0.158963
1.840322,0.158963
1.839712,0.158963
1.839102,0.158963
1.838491,0.158963
1.837881,0.158963
1.837270,0.158963
1.836660,0.158963
1.836050,0.158963
1.835439,0.158963
1.834829,0.158963
1.834218,0.158963
1.833608,0.158963
1.832998,0.158963
1.832387,0.158963
1.831777,0.158963
1.831166,0.158963
1.830556,0.158963
1.829946,0.158963
1.829335,0.158963
1.828725,0.158963
1.828115,0.158963
1.827504,0.158963
1.826894,0.158963
1.826283,0.158963
1.825673,0.158963
1.825063,0.158963
1.824452,0.158963
1.823842,0.158963
1.823231,0.158963
1.822621,0.158963
1.822011,0.158963
1.821400,0.158963
1.820790,0.158963
1.820179,0.158963
1.819569,0.158963
1.818959,0.158963
1.818348,0.158963
1.817738,0.158963
1.817128,0.158963
1.816517,0.158963
1.815907,0.158963
1.815296,0.158963
1.814686,0.158963
1.814076,0.158963
1.813465,0.158963
1.812855,0.158963
1.812244,0.158963
1.811634,0.158963
1.811024,0.158963
1.810413,0.158963
1.809803,0.158963
1.809192,0.158963
1.808582,0.158963
1.807972,0.158963
1.807361,0.158963
1.806751,0.158963
1.806141,0.158963
1.805530,0.158963
1.804920,0.158963
1.804309,0.158963
1.803699,0.158963
1.803089,0.158963
1.802478,0.158963
1.801868,0.158963
1.801257,0.158963
1.800647,0.158963
1.800037,0.158963
1.799426,0.158963
1.798816,0.158963
1.798205,0.158963
1.797595,0.158963
1.796985,0.158963
1.796374,0.158963
1.795764,0.158963
1.795154,0.158963
1.794543,0.158963
1.793933,0.158963
1.793322,0.158963
1.792712,0.158963
1.792102,0.158963
1.791491,0.158963
1.790881,0.158963
1.790270,0.158963
1.789660,0.158963
1.789050,0.158963
1.788439,0.158963
1.787829,0.158963
1.787218,0.158963
1.786608,0.158963
1.785998,0.158963
1.785387,0.158963
1.784777,0.158963
1.784167,0.158963
1.783556,0.158963
1.782946,0.158963
1.782335,0.158963
1.781725,0.158963
1.781115,0.158963
1.780504,0.158963
1.779894,0.158963
1.779283,0.158963
1.778673,0.158963
1.778063,0.158963
1.777452,0.158963
1.776842,0.158963
1.776231,0.158963
1.775621,0.158963
1.775011,0.158963
1.774400,0.158963
1.773790,0.158963
1.773180,0.158963
1.772569,0.158963
1.771959,0.158963
1.771348,0.158963
1.770738,0.158963
1.770128,0.158963
1.769517,0.158963
1.768907,0.158963
1.768296,0.158963
1.767686,0.158963
1.767076,0.158963
1.766465,0.158963
1.765855,0.158963
1.765244,0.158963
1.764634,0.158963
1.764024,0.158963
1.763413,0.158963
1.762803,0.158963
1.762193,0.158963
1.761582,0.158963
1.760972,0.158963
1.760361,0.158963
1.759751,0.158963
1.759141,0.158963
1.758530,0.158963
1.757920,0.158963
1.757309,0.158963
1.756699,0.158963
1.756089,0.158963
1.755478,0.158963
1.754868,0.158963
1.754257,0.158963
1.753647,0.158963
1.753037,0.158963
1.752426,0.158963
1.751816,0.158963
1.751206,0.158963
1.750595,0.158963
1.749985,0.158963
1.749374,0.158963
1.748764,0.158963
1.748154,0.158963
1.747543,0.158963
1.746933,0.158963
1.746322,0.158963
1.745712,0.158963
1.745102,0.158963
1.744491,0.158963
1.743881,0.158963
1.743270,0.158963
1.742660,0.158963
1.742050,0.158963
1.741439,0.158963
1.740829,0.158963
1.740219,0.158963
1.739608,0.158963
1.738998,0.158963
1.738387,0.158963
1.737777,0.158963
1.737167,0.158963
1.736556,0.158963
1.735946,0.158963
1.735335,0.158963
1.734725,0.158963
1.734115,0.158963
1.733504,0.158963
1.732894,0.158963
1.732283,0.158963
1.731673,0.158963
1.731063,0.158963
1.730452,0.158963
1.729842,0.158963
1.729232,0.158963
1.728621,0.158963
1.728011,0.158963
1.727400,0.158963
1.726790,0.158963
1.726180,0.158963
1.725569,0.158963
1.724959,0.158963
1.724348,0.158963
1.723738,0.158963
1.723128,0.158963
1.722517,0.158963
1.721907,0.158963
1.721296,0.158963
1.720686,0.158963
1.720076,0.158963
1.719465,0.158963
1.718855,0.158963
1.718245,0.158963
1.717634,0.158963
1.717024,0.158963
1.716413,0.158963
1.715803,0.158963
1.715193,0.158963
1.714582,0.158963
1.713972,0.158963
1.713361,0.158963
1.712751,0.158963
1.712141,0.158963
1.711530,0.158963
1.710920,0.158963
1.710309,0.158963
1.709699,0.158963
1.709089,0.158963
1.708478,0.158963
1.707868,0.158963
1.707258,0.158963
1.706647,0.158963
1.706037,0.158963
1.705426,0.158963
1.704816,0.158963
1.704206,0.158963
1.703595,0.158963
1.702985,0.158963
1.702374,0.158963
1.701764,0.158963
1.701154,0.158963
1.700543,0.158963
1.699933,0.158963
1.699322,0.158963
1.698712,0.158963
1.698102,0.158963
1.697491,0.158963
1.696881,0.158963
1.696271,0.158963
1.695660,0.158963
1.695050,0.158963
1.694439,0.158963
1.693829,0.158963
1.693219,0.158963
1.692608,0.158963
1.691998,0.158963
1.691387,0.158963
1.690777,0.158963
1.690167,0.158963
1.689556,0.158963
1.688946,0.158963
1.688335,0.158963
1.687725,0.158963
1.687115,0.158963
1.686504,0.158963
1.685894,0.158963
1.685284,0.158963
1.684673,0.158963
1.684063,0.158963
1.683452,0.158963
1.682842,0.158963
1.682232,0.158963
1.681621,0.158963
1.681011,0.158963
1.680400,0.158963
1.679790,0.158963
1.679180,0.158963
1.678569,0.158963
1.677959,0.158963
1.677348,0.158963
1.676738,0.158963
1.676128,0.158963
1.675517,0.158963
1.674907,0.158963
1.674297,0.158963
1.673686,0.158963
1.673076,0.158963
1.672465,0.158963
1.671855,0.158963
1.671245,0.158963
1.670634,0.158963
1.670024,0.158963
1.669413,0.158963
1.668803,0.158963
1.668193,0.158963
1.667582,0.158963
1.666972,0.158963
1.666361,0.158963
1.665751,0.158963
1.665141,0.158963
1.664530,0.158963
1.663920,0.158963
1.663310,0.158963
1.662699,0.158963
1.662089,0.158963
1.661478,0.158963
1.660868,0.158963
1.660258,0.158963
1.659647,0.158963
1.659037,0.158963
1.658426,0.158963
1.657816,0.158963
1.657206,0.158963
1.656595,0.158963
1.655985,0.158963
1.655374,0.158963
1.654764,0.158963
1.654154,0.158963
1.653543,0.158963
1.652933,0.158963
1.652323,0.158963
1.651712,0.158963
1.651102,0.158963
1.650491,0.158963
1.649881,0.158963
1.649271,0.158963
1.648660,0.158963
1.648050,0.158963
1.647439,0.158963
1.646829,0.158963
1.646219,0.158963
1.645608,0.158963
1.644998,0.158963
1.644387,0.158963
1.643777,0.158963
1.643167,0.158963
1.642556,0.158963
1.641946,0.158963
1.641336,0.158963
1.640725,0.158963
1.640115,0.158963
1.639504,0.158963
1.638894,0.158963
1.638284,0.158963
1.637673,0.158963
1.637063,0.158963
1.636452,0.158963
1.635842,0.158963
1.635232,0.158963
1.634621,0.158963
1.634011,0.158963
1.633400,0.158963
1.632790,0.158963
1.632180,0.158963
1.631569,0.158963
1.630959,0.158963
1.630349,0.158963
1.629738,0.158963
1.629128,0.158963
1.628517,0.158963
1.627907,0.158963
1.627297,0.158963
1.626686,0.158963
1.626076,0.158963
1.625465,0.158963
1.624855,0.158963
1.624245,0.158963
1.623634,0.158963
1.623024,0.158963
1.622413,0.158963
1.621803,0.158963
1.621193,0.158963
1.620582,0.158963
1.619972,0.158963
1.619362,0.158963
1.618751,0.158963
1.618141,0.158963
1.617530,0.158963
1.616920,0.158963
1.616310,0.158963
1.615699,0.158963
1.615089,0.158963
1.614478,0.158963
1.613868,0.158963
1.613258,0.158963
1.612647,0.158963
1.612037,0.158963
1.611426,0.158963
1.610816,0.158963
1.610206,0.158963
1.609595,0.158963
1.608985,0.158963
1.608375,0.158963
1.607764,0.158963
1.607154,0.158963
1.606543,0.158963
1.605933,0.158963
1.605323,0.158963
1.604712,0.158963
1.604102,0.158963
1.603491,0.158963
1.602881,0.158963
1.602271,0.158963
1.601660,0.158963
1.601050,0.158963
1.600439,0.158963
1.599829,0.158963
1.599219,0.158963
1.598608,0.158963
1.597998,0.158963
1.597388,0.158963
1.596777,0.158963
1.596167,0.158963
1.595556,0.158963
1.594946,0.158963
1.594336,0.158963
1.593725,0.158963
1.593115,0.158963
1.592504,0.158963
1.591894,0.158963
1.591284,0.158963
1.590673,0.158963
1.590063,0.158963
1.589452,0.158963
1.588842,0.158963
1.588232,0.158963
1.587621,0.158963
1.587011,0.158963
1.586401,0.158963
1.585790,0.158963
1.585180,0.158963
1.584569,0.158963
1.583959,0.158963
1.583349,0.158963
1.582738,0.158963
1.582128,0.158963
1.581517,0.158963
1.580907,0.158963
1.580297,0.158963
1.579686,0.158963
1.579076,0.158963
1.578465,0.158963
1.577855,0.158963
1.577245,0.158963
1.576634,0.158963
1.576024,0.158963
1.575414,0.158963
1.574803,0.158963
1.574193,0.158963
1.573582,0.158963
1.572972,0.158963
1.572362,0.158963
1.571751,0.158963
1.571141,0.158963
1.570530,0.158963
1.569920,0.158963
1.569310,0.158963
1.568699,0.158963
1.568089,0.158963
1.567478,0.158963
1.566868,0.158963
1.566258,0.158963
1.565647,0.158963
1.565037,0.158963
1.564427,0.158963
1.563816,0.158963
1.563206,0.158963
1.562595,0.158963
1.561985,0.158963
1.561375,0.158963
1.560764,0.158963
1.560154,0.158963
1.559543,0.158963
1.558933,0.158963
1.558323,0.158963
1.557712,0.158963
1.557102,0.158963
1.556491,0.158963
1.555881,0.158963
1.555271,0.158963
1.554660,0.158963
1.554050,0.158963
1.553440,0.158963
1.552829,0.158963
1.552219,0.158963
1.551608,0.158963
1.550998,0.158963
1.550388,0.158963
1.549777,0.158963
1.549167,0.158963
1.548556,0.158963
1.547946,0.158963
1.547336,0.158963
1.546725,0.158963
1.546115,0.158963
1.545504,0.158963
1.544894,0.158963
1.544284,0.158963
1.543673,0.158963
1.543063,0.158963
1.542453,0.158963
1.541842,0.158963
1.541232,0.158963
1.540621,0.158963
1.540011,0.158963
1.539401,0.158963
1.538790,0.158963
1.538180,0.158963
1.537569,0.158963
1.536959,0.158963
1.536349,0.158963
1.535738,0.158963
1.535128,0.158963
1.534517,0.158963
1.533907,0.158963
1.533297,0.158963
1.532686,0.158963
1.532076,0.158963
1.531466,0.158963
1.530855,0.158963
1.530245,0.158963
1.529634,0.158963
1.529024,0.158963
1.528414,0.158963
1.527803,0.158963
1.527193,0.158963
1.526582,0.158963
1.525972,0.158963
1.525362,0.158963
1.524751,0.158963
1.524141,0.158963
1.523530,0.158963
1.522920,0.158963
1.522310,0.158963
1.521699,0.158963
1.521089,0.158963
1.520479,0.158963
1.519868,0.158963
1.519258,0.158963
1.518647,0.158963
1.518037,0.158963
1.517427,0.158963
1.516816,0.158963
1.516206,0.158963
1.515595,0.158963
1.514985,0.158963
1.514375,0.158963
1.513764,0.158963
1.513154,0.158963
1.512543,0.158963
1.511933,0.158963
1.511323,0.158963
1.510712,0.158963
1.510102,0.158963
1.509492,0.158963
1.508881,0.158963
1.508271,0.158963
1.507660,0.158963
1.507050,0.158963
1.506440,0.158963
1.505829,0.158963
1.505219,0.158963
1.504608,0.158963
1.503998,0.158963
1.503388,0.158963
1.502777,0.158963
1.502167,0.158963
1.501556,0.158963
1.500946,0.158963
1.500336,0.158963
1.499725,0.158963
1.499115,0.158963
1.498505,0.158963
1.497894,0.158963
1.497284,0.158963
1.496673,0.158963
1.496063,0.158963
1.495453,0.158963
1.494842,0.158963
1.494232,0.158963
1.493621,0.158963
1.493011,0.158963
1.492401,0.158963
1.491790,0.158963
1.491180,0.158963
1.490569,0.158963
1.489959,0.158963
1.489349,0.158963
1.488738,0.158963
1.488128,0.158963
1.487518,0.158963
1.486907,0.158963
1.486297,0.158963
1.485686,0.158963
1.485076,0.158963
1.484466,0.158963
1.483855,0.158963
1.483245,0.158963
1.482634,0.158963
1.482024,0.158963
1.481414,0.158963
1.480803,0.158963
1.480193,0.158963
1.479582,0.158963
1.478972,0.158963
1.478362,0.158963
1.477751,0.158963
1.477141,0.158963
1.476531,0.158963
1.475920,0.158963
1.475310,0.158963
1.474699,0.158963
1.474089,0.158963
1.473479,0.158963
1.472868,0.158963
1.472258,0.158963
1.471647,0.158963
1.471037,0.158963
1.470427,0.158963
1.469816,0.158963
1.469206,0.158963
1.468595,0.158963
1.467985,0.158963
1.467375,0.158963
1.466764,0.158963
1.466154,0.158963
1.465544,0.158963
1.464933,0.158963
1.464323,0.158963
1.463712,0.158963
1.463102,0.158963
1.462492,0.158963
1.461881,0.158963
1.461271,0.158963
1.460660,0.158963
1.460050,0.158963
1.459440,0.158963
1.458829,0.158963
1.458219,0.158963
1.457608,0.158963
1.456998,0.158963
1.456388,0.158963
1.455777,0.158963
1.455167,0.158963
1.454557,0.158963
1.453946,0.158963
1.453336,0.158963
1.452725,0.158963
1.452115,0.158963
1.451505,0.158963
1.450894,0.158963
1.450284,0.158963
1.449673,0.158963
1.449063,0.158963
1.448453,0.158963
1.447842,0.158963
1.447232,0.158963
1.446621,0.158963
1.446011,0.158963
1.445401,0.158963
1.444790,0.158963
1.444180,0.158963
1.443570,0.158963
1.442959,0.158963
1.442349,0.158963
1.441738,0.158963
1.441128,0.158963
1.440518,0.158963
1.439907,0.158963
1.439297,0.158963
1.438686,0.158963
1.438076,0.158963
1.437466,0.158963
1.436855,0.158963
1.436245,0.158963
1.435634,0.158963
1.435024,0.158963
1.434414,0.158963
1.433803,0.158963
1.433193,0.158963
1.432583,0.158963
1.431972,0.158963
1.431362,0.158963
1.430751,0.158963
1.430141,0.158963
1.429531,0.158963
1.428920,0.158963
1.428310,0.158963
1.427699,0.158963
1.427089,0.158963
1.426479,0.158963
1.425868,0.158963
1.425258,0.158963
1.424648,0.158963
1.424037,0.158963
1.423427,0.158963
1.422816,0.158963
1.422206,0.158963
1.421596,0.158963
1.420985,0.158963
1.420375,0.158963
1.419764,0.158963
1.419154,0.158963
1.418544,0.158963
1.417933,0.158963
1.417323,0.158963
1.416712,0.158963
1.416102,0.158963
1.415492,0.158963
1.414881,0.158963
1.414271,0.158963
1.413661,0.158963
1.413050,0.158963
1.412440,0.158963
1.411829,0.158963
1.411219,0.158963
1.410609,0.158963
1.409998,0.158963
1.409388,0.158963
1.408777,0.158963
1.408167,0.158963
1.407557,0.158963
1.406946,0.158963
1.406336,0.158963
1.405725,0.158963
1.405115,0.158963
1.404505,0.158963
1.403894,0.158963
1.403284,0.158963
1.402674,0.158963
1.402063,0.158963
1.401453,0.158963
1.400842,0.158963
1.400232,0.158963
1.399622,0.158963
1.399011,0.158963
1.398401,0.158963
1.397790,0.158963
1.397180,0.158963
1.396570,0.158963
1.395959,0.158963
1.395349,0.158963
1.394738,0.158963
1.394128,0.158963
1.393518,0.158963
1.392907,0.158963
1.392297,0.158963
1.391687,0.158963
1.391076,0.158963
1.390466,0.158963
1.389855,0.158963
1.389245,0.158963
1.388635,0.158963
1.388024,0.158963
1.387414,0.158963
1.386803,0.158963
1.386193,0.158963
1.385583,0.158963
1.384972,0.158963
1.384362,0.158963
1.383751,0.158963
1.383141,0.158963
1.382531,0.158963
1.381920,0.158963
1.381310,0.158963
1.380700,0.158963
1.380089,0.158963
1.379479,0.158963
1.378868,0.158963
1.378258,0.158963
1.377648,0.158963
1.377037,0.158963
1.376427,0.158963
1.375816,0.158963
1.375206,0.158963
1.374596,0.158963
1.373985,0.158963
1.373375,0.158963
1.372764,0.158963
1.372154,0.158963
1.371544,0.158963
1.370933,0.158963
1.370323,0.158963
1.369713,0.158963
1.369102,0.158963
1.368492,0.158963
1.367881,0.158963
1.367271,0.158963
1.366661,0.158963
1.366050,0.158963
1.365440,0.158963
1.364829,0.158963
1.364219,0.158963
1.363609,0.158963
1.362998,0.158963
1.362388,0.158963
1.361777,0.158963
1.361167,0.158963
1.360557,0.158963
1.359946,0.158963
1.359336,0.158963
1.358726,0.158963
1.358115,0.158963
1.357505,0.158963
1.356894,0.158963
1.356284,0.158963
1.355674,0.158963
1.355063,0.158963
1.354453,0.158963
1.353842,0.158963
1.353232,0.158963
1.352622,0.158963
1.352011,0.158963
1.351401,0.158963
1.350790,0.158963
1.350180,0.158963
1.349570,0.158963
1.348959,0.158963
1.348349,0.158963
1.347739,0.158963
1.347128,0.158963
1.346518,0.158963
1.345907,0.158963
1.345297,0.158963
1.344687,0.158963
1.344076,0.158963
1.343466,0.158963
1.342855,0.158963
1.342245,0.158963
1.341635,0.158963
1.341024,0.158963
1.340414,0.158963
1.339803,0.158963
1.339193,0.158963
1.338583,0.158963
1.337972,0.158963
1.337362,0.158963
1.336752,0.158963
1.336141,0.158963
1.335531,0.158963
1.334920,0.158963
1.334310,0.158963
1.333700,0.158963
1.333089,0.158963
1.332479,0.158963
1.331868,0.158963
1.331258,0.158963
1.330648,0.158963
1.330037,0.158963
1.329427,0.158963
1.328816,0.158963
1.328206,0.158963
1.327596,0.158963
1.326985,0.158963
1.326375,0.158963
1.325765,0.158963
1.325154,0.158963
1.324544,0.158963
1.323933,0.158963
1.323323,0.158963
1.322713,0.158963
1.322102,0.158963
1.321492,0.158963
1.320881,0.158963
1.320271,0.158963
1.319661,0.158963
1.319050,0.158963
1.318440,0.158963
1.317829,0.158963
1.317219,0.158963
1.316609,0.158963
1.315998,0.158963
1.315388,0.158963
1.314778,0.158963
1.314167,0.158963
1.313557,0.158963
1.312946,0.158963
1.312336,0.158963
1.311726,0.158963
1.311115,0.158963
1.310505,0.158963
1.309894,0.158963
1.309284,0.158963
1.308674,0.158963
1.308063,0.158963
1.307453,0.158963
1.306842,0.158963
1.306232,0.158963
1.305622,0.158963
1.305011,0.158963
1.304401,0.158963
1.303791,0.158963
1.303180,0.158963
1.302570,0.158963
1.301959,0.158963
1.301349,0.158963
1.300739,0.158963
1.300128,0.158963
1.299518,0.158963
1.298907,0.158963
1.298297,0.158963
1.297687,0.158963
1.297076,0.158963
1.296466,0.158963
1.295855,0.158963
1.295245,0.158963
1.294635,0.158963
1.294024,0.158963
1.293414,0.158963
1.292804,0.158963
1.292193,0.158963
1.291583,0.158963
1.290972,0.158963
1.290362,0.158963
1.289752,0.158963
1.289141,0.158963
1.288531,0.158963
1.287920,0.158963
1.287310,0.158963
1.286700,0.158963
1.286089,0.158963
1.285479,0.158963
1.284868,0.158963
1.284258,0.158963
1.283648,0.158963
1.283037,0.158963
1.282427,0.158963
1.281817,0.158963
1.281206,0.158963
1.280596,0.158963
1.279985,0.158963
1.279375,0.158963
1.278765,0.158963
1.278154,0.158963
1.277544,0.158963
1.276933,0.158963
1.276323,0.158963
1.275713,0.158963
1.275102,0.158963
1.274492,0.158963
1.273881,0.158963
1.273271,0.158963
1.272661,0.158963
1.272050,0.158963
1.271440,0.158963
1.270830,0.158963
1.270219,0.158963
1.269609,0.158963
1.268998,0.158963
1.268388,0.158963
1.267778,0.158963
1.267167,0.158963
1.266557,0.158963
1.265946,0.158963
1.265336,0.158963
1.264726,0.158963
1.264115,0.158963
1.263505,0.158963
1.262894,0.158963
1.262284,0.158963
1.261674,0.158963
1.261063,0.158963
1.260453,0.158963
1.259843,0.158963
1.259232,0.158963
1.258622,0.158964
1.258011,0.158964
1.257401,0.158964
1.256791,0.158965
1.256180,0.158966
1.255570,0.158967
1.254959,0.158968
1.254349,0.158971
1.253739,0.158974
1.253128,0.158978
1.252518,0.158984
1.251907,0.158993
1.251297,0.159005
1.250687,0.159021
1.250076,0.159043
1.249466,0.159073
1.248856,0.159114
1.248245,0.159169
1.247635,0.159244
1.247024,0.159345
1.246414,0.159480
1.245804,0.159660
1.245193,0.159901
1.244583,0.160220
1.243972,0.160642
1.243362,0.161198
1.242752,0.161929
1.242141,0.162886
1.241531,0.164134
1.240920,0.165756
1.240310,0.167857
1.239700,0.170569
1.239089,0.174056
1.238479,0.178526
1.237869,0.184235
1.237258,0.191501
1.236648,0.200715
1.236037,0.212359
1.235427,0.227023
1.234817,0.245425
1.234206,0.268436
1.233596,0.297109
1.232985,0.332711
1.232375,0.376762
1.231765,0.431074
1.231154,0.497801
1.230544,0.579491
1.229933,0.679148
1.229323,0.800292
1.228713,0.947037
1.228102,1.124164
1.227492,1.337207
1.226882,1.592544
1.226271,1.897488
1.225661,2.260388
1.225050,2.690730
1.224440,3.199244
1.223830,3.798003
1.223219,4.500529
1.222609,5.321889
1.221998,6.278789
1.221388,7.389656
1.220778,8.674709
1.220167,10.156010
1.219557,11.857509
1.218946,13.805048
1.218336,16.026357
1.217726,18.551010
1.217115,21.410355
1.216505,24.637406
1.215895,28.266698
1.215284,32.334107
1.214674,36.876626
1.214063,41.932104
1.213453,47.538942
1.212843,53.735754
1.212232,60.560989
1.211622,68.052524
1.211011,76.247224
1.210401,85.180484
1.209791,94.885751
1.209180,105.394035
1.208570,116.733421
1.207959,128.928578
1.207349,142.000295
1.206739,155.965022
1.206128,170.834451
1.205518,186.615130
1.204908,203.308120
1.204297,220.908700
1.203687,239.406132
1.203076,258.783476
1.202466,279.017471
1.201856,300.078476
1.201245,321.930473
1.200635,344.531133
1.200024,367.831936
1.199414,391.778350
1.198804,416.310059
1.198193,441.361233
1.197583,466.860852
1.196972,492.733045
1.196362,518.897480
1.195752,545.269769
1.195141,571.761893
1.194531,598.282650
1.193921,624.738118
1.193310,651.032130
1.192700,677.066757
1.192089,702.742806
1.191479,727.960332
1.190869,752.619157
1.190258,776.619398
1.189648,799.862018
1.189037,822.249377
1.188427,843.685803
1.187817,864.078170
1.187206,883.336484
1.186596,901.374473
1.185985,918.110179
1.185375,933.466541
1.184765,947.371968
1.184154,959.760892
1.183544,970.574289
1.182934,979.760166
1.182323,987.274004
1.181713,993.079143
1.181102,997.147107
1.180492,999.457862
1.179882,1000.000000
1.179271,998.770840
1.178661,995.776456
1.178050,991.031621
1.177440,984.559670
1.176830,976.392288
1.176219,966.569228
1.175609,955.137958
1.174998,942.153252
1.174388,927.676734
1.173778,911.776374
1.173167,894.525951
1.172557,876.004495
1.171947,856.295708
1.171336,835.487376
1.170726,813.670779
1.170115,790.940099
1.169505,767.391840
1.168895,743.124251
1.168284,718.236763
1.167674,692.829437
1.167063,667.002424
1.166453,640.855437
1.165843,614.487239
1.165232,587.995133
1.164622,561.474474
1.164011,535.018183
1.163401,508.716281
1.162791,482.655429
1.162180,456.918494
1.161570,431.584122
1.160960,406.726346
1.160349,382.414212
1.159739,358.711446
1.159128,335.676150
1.158518,313.360547
1.157908,291.810774
1.157297,271.066722
1.156687,251.161940
1.156076,232.123589
1.155466,213.972468
1.154856,196.723093
1.154245,180.383843
1.153635,164.957164
1.153024,150.439827
1.152414,136.823247
1.151804,124.093836
1.151193,112.233409
1.150583,101.219618
1.149973,91.026411
1.149362,81.624509
1.148752,72.981899
1.148141,65.064320
1.147531,57.835753
1.146921,51.258884
1.146310,45.295564
1.145700,39.907235
1.145089,35.055321
1.144479,30.701597
1.143869,26.808514
1.143258,23.339482
1.142648,20.259121
1.142037,17.533467
1.141427,15.130138
1.140817,13.018463
1.140206,11.169577
1.139596,9.556479
1.138986,8.154061
1.138375,6.939110
1.137765,5.890283
1.137154,4.988064
1.136544,4.214703
1.135934,3.554141
1.135323,2.991921
1.134713,2.515094
1.134102,2.112123
1.133492,1.772771
1.132882,1.488007
1.132271,1.249895
1.131661,1.051496
1.131050,0.886771
1.130440,0.750488
1.129830,0.638136
1.129219,0.545838
1.128609,0.470284
1.127999,0.408653
1.127388,0.358559
1.126778,0.317984
1.126167,0.285236
1.125557,0.258898
1.124947,0.237789
1.124336,0.220932
1.123726,0.207518
1.123115,0.196880
1.122505,0.188474
1.121895,0.181854
1.121284,0.176660
1.120674,0.172599
1.120063,0.169434
1.119453,0.166977
1.118843,0.165076
1.118232,0.163611
1.117622,0.162484
1.117012,0.161622
1.116401,0.160964
1.115791,0.160464
1.115180,0.160085
1.114570,0.159799
1.113960,0.159584
1.113349,0.159422
1.112739,0.159302
1.112128,0.159212
1.111518,0.159146
1.110908,0.159096
1.110297,0.159060
1.109687,0.159033
1.109076,0.159014
1.108466,0.159000
1.107856,0.158989
1.107245,0.158982
1.106635,0.158976
1.106025,0.158973
1.105414,0.158970
1.104804,0.158968
1.104193,0.158966
1.103583,0.158965
1.102973,0.158965
1.102362,0.158964
1.101752,0.158964
1.101141,0.158964
1.100531,0.158963
1.099921,0.158963
1.099310,0.158963
1.098700,0.158963
1.098089,0.158963
1.097479,0.158963
1.096869,0.158963
1.096258,0.158963
1.095648,0.158963
1.095038,0.158963
1.094427,0.158963
1.093817,0.158963
1.093206,0.158963
1.092596,0.158963
1.091986,0.158963
1.091375,0.158963
1.090765,0.158963
1.090154,0.158963
1.089544,0.158963
1.088934,0.158963
1.088323,0.158963
1.087713,0.158963
1.087102,0.158963
1.086492,0.158963
1.085882,0.158963
1.085271,0.158963
1.084661,0.158963
1.084051,0.158963
1.083440,0.158963
1.082830,0.158963
1.082219,0.158963
1.081609,0.158963
1.080999,0.158963
1.080388,0.158963
1.079778,0.158963
1.079167,0.158963
1.078557,0.158963
1.077947,0.158963
1.077336,0.158963
1.076726,0.158963
1.076115,0.158963
1.075505,0.158963
1.074895,0.158963
1.074284,0.158963
1.073674,0.158963
1.073064,0.158963
1.072453,0.158963
1.071843,0.158963
1.071232,0.158963
1.070622,0.158963
1.070012,0.158963
1.069401,0.158963
1.068791,0.158963
1.068180,0.158963
1.067570,0.158963
1.066960,0.158963
1.066349,0.158963
1.065739,0.158963
1.065128,0.158963
1.064518,0.158963
1.063908,0.158963
1.063297,0.158963
1.062687,0.158963
1.062077,0.158963
1.061466,0.158963
1.060856,0.158963
1.060245,0.158963
1.059635,0.158963
1.059025,0.158963
1.058414,0.158963
1.057804,0.158963
1.057193,0.158963
1.056583,0.158963
1.055973,0.158963
1.055362,0.158963
1.054752,0.158963
1.054141,0.158963
1.053531,0.158963
1.052921,0.158963
1.052310,0.158963
1.051700,0.158963
1.051090,0.158963
1.050479,0.158963
1.049869,0.158963
1.049258,0.158963
1.048648,0.158963
1.048038,0.158963
1.047427,0.158963
1.046817,0.158963
1.046206,0.158963
1.045596,0.158963
1.044986,0.158963
1.044375,0.158963
1.043765,0.158963
1.043154,0.158963
1.042544,0.158963
1.041934,0.158963
1.041323,0.158963
1.040713,0.158963
1.040103,0.158963
1.039492,0.158963
1.038882,0.158963
1.038271,0.158963
1.037661,0.158963
1.037051,0.158963
1.036440,0.158963
1.035830,0.158963
1.035219,0.158963
1.034609,0.158963
1.033999,0.158963
1.033388,0.158963
1.032778,0.158963
1.032167,0.158963
1.031557,0.158963
1.030947,0.158963
1.030336,0.158963
1.029726,0.158963
1.029116,0.158963
1.028505,0.158963
1.027895,0.158963
1.027284,0.158963
1.026674,0.158963
1.026064,0.158963
1.025453,0.158963
1.024843,0.158963
1.024232,0.158963
1.023622,0.158963
1.023012,0.158963
1.022401,0.158963
1.021791,0.158963
1.021180,0.158963
1.020570,0.158963
1.019960,0.158963
1.019349,0.158963
1.018739,0.158963
1.018129,0.158963
1.017518,0.158963
1.016908,0.158963
1.016297,0.158963
1.015687,0.158963
1.015077,0.158963
1.014466,0.158963
1.013856,0.158963
1.013245,0.158963
1.012635,0.158963
1.012025,0.158963
1.011414,0.158963
1.010804,0.158963
1.010193,0.158963
1.009583,0.158963
1.008973,0.158963
1.008362,0.158963
1.007752,0.158963
1.007142,0.158963
1.006531,0.158963
1.005921,0.158963
1.005310,0.158963
1.004700,0.158963
1.004090,0.158963
1.003479,0.158963
1.002869,0.158963
1.002258,0.158963
1.001648,0.158963
1.001038,0.158963
1.000427,0.158963
0.999817,0.158963
0.999206,0.158963
0.998596,0.158963
0.997986,0.158963
0.997375,0.158963
0.996765,0.158963
0.996155,0.158963
0.995544,0.158963
0.994934,0.158963
0.994323,0.158963
0.993713,0.158963
0.993103,0.158963
0.992492,0.158963
0.991882,0.158963
0.991271,0.158963
0.990661,0.158963
0.990051,0.158963
0.989440,0.158963
0.988830,0.158963
0.988219,0.158963
0.987609,0.158963
0.986999,0.158963
0.986388,0.158963
0.985778,0.158963
0.985168,0.158963
0.984557,0.158963
0.983947,0.158963
0.983336,0.158963
0.982726,0.158963
0.982116,0.158963
0.981505,0.158963
0.980895,0.158963
0.980284,0.158963
0.979674,0.158963
0.979064,0.158963
0.978453,0.158963
0.977843,0.158963
0.977232,0.158963
0.976622,0.158963
0.976012,0.158963
0.975401,0.158963
0.974791,0.158963
0.974181,0.158963
0.973570,0.158963
0.972960,0.158963
0.972349,0.158963
0.971739,0.158963
0.971129,0.158963
0.970518,0.158963
0.969908,0.158963
0.969297,0.158963
0.968687,0.158963
0.968077,0.158963
0.967466,0.158963
0.966856,0.158963
0.966245,0.158963
0.965635,0.158963
0.965025,0.158963
0.964414,0.158963
0.963804,0.158963
0.963194,0.158963
0.962583,0.158963
0.961973,0.158963
0.961362,0.158963
0.960752,0.158963
0.960142,0.158963
0.959531,0.158963
0.958921,0.158963
0.958310,0.158963
0.957700,0.158963
0.957090,0.158963
0.956479,0.158963
0.955869,0.158963
0.955258,0.158963
0.954648,0.158963
0.954038,0.158963
0.953427,0.158963
0.952817,0.158963
0.952207,0.158963
0.951596,0.158963
0.950986,0.158963
0.950375,0.158963
0.949765,0.158963
0.949155,0.158963
0.948544,0.158963
0.947934,0.158963
0.947323,0.158963
0.946713,0.158963
0.946103,0.158963
0.945492,0.158963
0.944882,0.158963
0.944272,0.158963
0.943661,0.158963
0.943051,0.158963
0.942440,0.158963
0.941830,0.158963
0.941220,0.158963
0.940609,0.158963
0.939999,0.158963
0.939388,0.158963
0.938778,0.158963
0.938168,0.158963
0.937557,0.158963
0.936947,0.158963
0.936336,0.158963
0.935726,0.158963
0.935116,0.158963
0.934505,0.158963
0.933895,0.158963
0.933285,0.158963
0.932674,0.158963
0.932064,0.158963
0.931453,0.158963
0.930843,0.158963
0.930233,0.158963
0.929622,0.158963
0.929012,0.158963
0.928401,0.158963
0.927791,0.158963
0.927181,0.158963
0.926570,0.158963
0.925960,0.158963
0.925349,0.158963
0.924739,0.158963
0.924129,0.158963
0.923518,0.158963
0.922908,0.158963
0.922298,0.158963
0.921687,0.158963
0.921077,0.158963
0.920466,0.158963
0.919856,0.158963
0.919246,0.158963
0.918635,0.158963
0.918025,0.158963
0.917414,0.158963
0.916804,0.158963
0.916194,0.158963
0.915583,0.158963
0.914973,0.158963
0.914362,0.158963
0.913752,0.158963
0.913142,0.158963
0.912531,0.158963
0.911921,0.158963
0.911311,0.158963
0.910700,0.158963
0.910090,0.158963
0.909479,0.158963
0.908869,0.158963
0.908259,0.158963
0.907648,0.158963
0.907038,0.158963
0.906427,0.158963
0.905817,0.158963
0.905207,0.158963
0.904596,0.158963
0.903986,0.158963
0.903375,0.158963
0.902765,0.158963
0.902155,0.158963
0.901544,0.158963
0.900934,0.158963
0.900324,0.158963
0.899713,0.158963
0.899103,0.158963
0.898492,0.158963
0.897882,0.158963
0.897272,0.158963
0.896661,0.158963
0.896051,0.158963
0.895440,0.158963
0.894830,0.158963
0.894220,0.158963
0.893609,0.158963
0.892999,0.158963
0.892388,0.158963
0.891778,0.158963
0.891168,0.158963
0.890557,0.158963
0.889947,0.158963
0.889337,0.158963
0.888726,0.158963
0.888116,0.158963
0.887505,0.158963
0.886895,0.158963
0.886285,0.158963
0.885674,0.158963
0.885064,0.158963
0.884453,0.158963
0.883843,0.158963
0.883233,0.158963
0.882622,0.158963
0.882012,0.158963
0.881401,0.158963
0.880791,0.158963
0.880181,0.158963
0.879570,0.158963
0.878960,0.158963
0.878350,0.158963
0.877739,0.158963
0.877129,0.158963
0.876518,0.158963
0.875908,0.158963
0.875298,0.158963
0.874687,0.158963
0.874077,0.158963
0.873466,0.158963
0.872856,0.158963
0.872246,0.158963
0.871635,0.158963
0.871025,0.158963
0.870414,0.158963
0.869804,0.158963
0.869194,0.158963
0.868583,0.158963
0.867973,0.158963
0.867363,0.158963
0.866752,0.158963
0.866142,0.158963
0.865531,0.158963
0.864921,0.158963
0.864311,0.158963
0.863700,0.158963
0.863090,0.158963
0.862479,0.158963
0.861869,0.158963
0.861259,0.158963
0.860648,0.158963
0.860038,0.158963
0.859427,0.158963
0.858817,0.158963
0.858207,0.158963
0.857596,0.158963
0.856986,0.158963
0.856376,0.158963
0.855765,0.158963
0.855155,0.158963
0.854544,0.158963
0.853934,0.158963
0.853324,0.158963
0.852713,0.158963
0.852103,0.158963
0.851492,0.158963
0.850882,0.158963
0.850272,0.158963
0.849661,0.158963
0.849051,0.158963
0.848440,0.158963
0.847830,0.158963
0.847220,0.158963
0.846609,0.158963
0.845999,0.158963
0.845389,0.158963
0.844778,0.158963
0.844168,0.158963
0.843557,0.158963
0.842947,0.158963
0.842337,0.158963
0.841726,0.158963
0.841116,0.158963
0.840505,0.158963
0.839895,0.158963
0.839285,0.158963
0.838674,0.158963
0.838064,0.158963
0.837453,0.158963
0.836843,0.158963
0.836233,0.158963
0.835622,0.158963
0.835012,0.158963
0.834402,0.158963
0.833791,0.158963
0.833181,0.158963
0.832570,0.158963
0.831960,0.158963
0.831350,0.158963
0.830739,0.158963
0.830129,0.158963
0.829518,0.158963
0.828908,0.158963
0.828298,0.158963
0.827687,0.158963
0.827077,0.158963
0.826466,0.158963
0.825856,0.158963
0.825246,0.158963
0.824635,0.158963
0.824025,0.158963
0.823415,0.158963
0.822804,0.158963
0.822194,0.158963
0.821583,0.158963
0.820973,0.158963
0.820363,0.158963
0.819752,0.158963
0.819142,0.158963
0.818531,0.158963
0.817921,0.158963
0.817311,0.158963
0.816700,0.158963
0.816090,0.158963
0.815479,0.158963
0.814869,0.158963
0.814259,0.158963
0.813648,0.158963
0.813038,0.158963
0.812428,0.158963
0.811817,0.158963
0.811207,0.158963
0.810596,0.158963
0.809986,0.158963
0.809376,0.158963
0.808765,0.158963
0.808155,0.158963
0.807544,0.158963
0.806934,0.158963
0.806324,0.158963
0.805713,0.158963
0.805103,0.158963
0.804492,0.158963
0.803882,0.158963
0.803272,0.158963
0.802661,0.158963
0.802051,0.158963
0.801441,0.158963
0.800830,0.158963
0.800220,0.158963
0.799609,0.158963
0.798999,0.158963
0.798389,0.158963
0.797778,0.158963
0.797168,0.158963
0.796557,0.158963
0.795947,0.158963
0.795337,0.158963
0.794726,0.158963
0.794116,0.158963
0.793505,0.158963
0.792895,0.158963
0.792285,0.158963
0.791674,0.158963
0.791064,0.158963
0.790454,0.158963
0.789843,0.158963
0.789233,0.158963
0.788622,0.158963
0.788012,0.158963
0.787402,0.158963
0.786791,0.158963
0.786181,0.158963
0.785570,0.158963
0.784960,0.158963
0.784350,0.158963
0.783739,0.158963
0.783129,0.158963
0.782518,0.158963
0.781908,0.158963
0.781298,0.158963
0.780687,0.158963
0.780077,0.158963
0.779467,0.158963
0.778856,0.158963
0.778246,0.158963
0.777635,0.158963
0.777025,0.158963
0.776415,0.158963
0.775804,0.158963
0.775194,0.158963
0.774583,0.158963
0.773973,0.158963
0.773363,0.158963
0.772752,0.158963
0.772142,0.158963
0.771531,0.158963
0.770921,0.158963
0.770311,0.158963
0.769700,0.158963
0.769090,0.158963
0.768480,0.158963
0.767869,0.158963
0.767259,0.158963
0.766648,0.158963
0.766038,0.158963
0.765428,0.158963
0.764817,0.158963
0.764207,0.158963
0.763596,0.158963
0.762986,0.158963
0.762376,0.158963
0.761765,0.158963
0.761155,0.158963
0.760544,0.158963
0.759934,0.158963
0.759324,0.158963
0.758713,0.158963
0.758103,0.158963
0.757493,0.158963
0.756882,0.158963
0.756272,0.158963
0.755661,0.158963
0.755051,0.158963
0.754441,0.158963
0.753830,0.158963
0.753220,0.158963
0.752609,0.158963
0.751999,0.158963
0.751389,0.158963
0.750778,0.158963
0.750168,0.158963
0.749557,0.158963
0.748947,0.158963
0.748337,0.158963
0.747726,0.158963
0.747116,0.158963
0.746506,0.158963
0.745895,0.158963
0.745285,0.158963
0.744674,0.158963
0.744064,0.158963
0.743454,0.158963
0.742843,0.158963
0.742233,0.158963
0.741622,0.158963
0.741012,0.158963
0.740402,0.158963
0.739791,0.158963
0.739181,0.158963
0.738570,0.158963
0.737960,0.158963
0.737350,0.158963
0.736739,0.158963
0.736129,0.158963
0.735519,0.158963
0.734908,0.158963
0.734298,0.158963
0.733687,0.158963
0.733077,0.158963
0.732467,0.158963
0.731856,0.158963
0.731246,0.158963
0.730635,0.158963
0.730025,0.158963
0.729415,0.158963
0.728804,0.158963
0.728194,0.158963
0.727583,0.158963
0.726973,0.158963
0.726363,0.158963
0.725752,0.158963
0.725142,0.158963
0.724532,0.158963
0.723921,0.158963
0.723311,0.158963
0.722700,0.158963
0.722090,0.158963
0.721480,0.158963
0.720869,0.158963
0.720259,0.158963
0.719648,0.158963
0.719038,0.158963
0.718428,0.158963
0.717817,0.158963
0.717207,0.158963
0.716596,0.158963
0.715986,0.158963
0.715376,0.158963
0.714765,0.158963
0.714155,0.158963
0.713545,0.158963
0.712934,0.158963
0.712324,0.158963
0.711713,0.158963
0.711103,0.158963
0.710493,0.158963
0.709882,0.158963
0.709272,0.158963
0.708661,0.158963
0.708051,0.158963
0.707441,0.158963
0.706830,0.158963
0.706220,0.158963
0.705609,0.158963
0.704999,0.158963
0.704389,0.158963
0.703778,0.158963
0.703168,0.158963
0.702558,0.158963
0.701947,0.158963
0.701337,0.158963
0.700726,0.158963
0.700116,0.158963
0.699506,0.158963
0.698895,0.158963
0.698285,0.158963
0.697674,0.158963
0.697064,0.158963
0.696454,0.158963
0.695843,0.158963
0.695233,0.158963
0.694622,0.158963
0.694012,0.158963
0.693402,0.158963
0.692791,0.158963
0.692181,0.158963
0.691571,0.158963
0.690960,0.158963
0.690350,0.158963
0.689739,0.158963
0.689129,0.158963
0.688519,0.158963
0.687908,0.158963
0.687298,0.158963
0.686687,0.158963
0.686077,0.158963
0.685467,0.158963
0.684856,0.158963
0.684246,0.158963
0.683635,0.158963
0.683025,0.158963
0.682415,0.158963
0.681804,0.158963
0.681194,0.158963
0.680584,0.158963
0.679973,0.158963
0.679363,0.158963
0.678752,0.158963
0.678142,0.158963
0.677532,0.158963
0.676921,0.158963
0.676311,0.158963
0.675700,0.158963
0.675090,0.158963
0.674480,0.158963
0.673869,0.158963
0.673259,0.158963
0.672648,0.158963
0.672038,0.158963
0.671428,0.158963
0.670817,0.158963
0.670207,0.158963
0.669597,0.158963
0.668986,0.158963
0.668376,0.158963
0.667765,0.158963
0.667155,0.158963
0.666545,0.158963
0.665934,0.158963
0.665324,0.158963
0.664713,0.158963
0.664103,0.158963
0.663493,0.158963
0.662882,0.158963
0.662272,0.158963
0.661661,0.158963
0.661051,0.158963
0.660441,0.158963
0.659830,0.158963
0.659220,0.158963
0.658610,0.158963
0.657999,0.158963
0.657389,0.158963
0.656778,0.158963
0.656168,0.158963
0.655558,0.158963
0.654947,0.158963
0.654337,0.158963
0.653726,0.158963
0.653116,0.158963
0.652506,0.158963
0.651895,0.158963
0.651285,0.158963
0.650674,0.158963
0.650064,0.158963
0.649454,0.158963
0.648843,0.158963
0.648233,0.158963
0.647623,0.158963
0.647012,0.158963
0.646402,0.158963
0.645791,0.158963
0.645181,0.158963
0.644571,0.158963
0.643960,0.158963
0.643350,0.158963
0.642739,0.158963
0.642129,0.158963
0.641519,0.158963
0.640908,0.158963
0.640298,0.158963
0.639687,0.158963
0.639077,0.158963
0.638467,0.158963
0.637856,0.158963
0.637246,0.158963
0.636636,0.158963
0.636025,0.158963
0.635415,0.158963
0.634804,0.158963
0.634194,0.158963
0.633584,0.158963
0.632973,0.158963
0.632363,0.158963
0.631752,0.158963
0.631142,0.158963
0.630532,0.158963
0.629921,0.158963
0.629311,0.158963
0.628700,0.158963
0.628090,0.158963
0.627480,0.158963
0.626869,0.158963
0.626259,0.158963
0.625649,0.158963
0.625038,0.158963
0.624428,0.158963
0.623817,0.158963
0.623207,0.158963
0.622597,0.158963
0.621986,0.158963
0.621376,0.158963
0.620765,0.158963
0.620155,0.158963
0.619545,0.158963
0.618934,0.158963
0.618324,0.158963
0.617713,0.158963
0.617103,0.158963
0.616493,0.158963
0.615882,0.158963
0.615272,0.158963
0.614662,0.158963
0.614051,0.158963
0.613441,0.158963
0.612830,0.158963
0.612220,0.158963
0.611610,0.158963
0.610999,0.158963
0.610389,0.158963
0.609778,0.158963
0.609168,0.158963
0.608558,0.158963
0.607947,0.158963
0.607337,0.158963
0.606726,0.158963
0.606116,0.158963
0.605506,0.158963
0.604895,0.158963
0.604285,0.158963
0.603675,0.158963
0.603064,0.158963
0.602454,0.158963
0.601843,0.158963
0.601233,0.158963
0.600623,0.158963
0.600012,0.158963
0.599402,0.158963
0.598791,0.158963
0.598181,0.158963
0.597571,0.158963
0.596960,0.158963
0.596350,0.158963
0.595739,0.158963
0.595129,0.158963
0.594519,0.158963
0.593908,0.158963
0.593298,0.158963
0.592688,0.158963
0.592077,0.158963
0.591467,0.158963
0.590856,0.158963
0.590246,0.158963
0.589636,0.158963
0.589025,0.158963
0.588415,0.158963
0.587804,0.158963
0.587194,0.158963
0.586584,0.158963
0.585973,0.158963
0.585363,0.158963
0.584752,0.158963
0.584142,0.158963
0.583532,0.158963
0.582921,0.158963
0.582311,0.158963
0.581701,0.158963
0.581090,0.158963
0.580480,0.158963
0.579869,0.158963
0.579259,0.158963
0.578649,0.158963
0.578038,0.158963
0.577428,0.158963
0.576817,0.158963
0.576207,0.158963
0.575597,0.158963
0.574986,0.158963
0.574376,0.158963
0.573765,0.158963
0.573155,0.158963
0.572545,0.158963
0.571934,0.158963
0.571324,0.158963
0.570714,0.158963
0.570103,0.158963
0.569493,0.158963
0.568882,0.158963
0.568272,0.158963
0.567662,0.158963
0.567051,0.158963
0.566441,0.158963
0.565830,0.158963
0.565220,0.158963
0.564610,0.158963
0.563999,0.158963
0.563389,0.158963
0.562778,0.158963
0.562168,0.158963
0.561558,0.158963
0.560947,0.158963
0.560337,0.158963
0.559727,0.158963
0.559116,0.158963
0.558506,0.158963
0.557895,0.158963
0.557285,0.158963
0.556675,0.158963
0.556064,0.158963
0.555454,0.158963
0.554843,0.158963
0.554233,0.158963
0.553623,0.158963
0.553012,0.158963
0.552402,0.158963
0.551791,0.158963
0.551181,0.158963
0.550571,0.158963
0.549960,0.158963
0.549350,0.158963
0.548740,0.158963
0.548129,0.158963
0.547519,0.158963
0.546908,0.158963
0.546298,0.158963
0.545688,0.158963
0.545077,0.158963
0.544467,0.158963
0.543856,0.158963
0.543246,0.158963
0.542636,0.158963
0.542025,0.158963
0.541415,0.158963
0.540804,0.158963
0.540194,0.158963
0.539584,0.158963
0.538973,0.158963
0.538363,0.158963
0.537753,0.158963
0.537142,0.158963
0.536532,0.158963
0.535921,0.158963
0.535311,0.158963
0.534701,0.158963
0.534090,0.158963
0.533480,0.158963
0.532869,0.158963
0.532259,0.158963
0.531649,0.158963
0.531038,0.158963
0.530428,0.158963
0.529817,0.158963
0.529207,0.158963
0.528597,0.158963
0.527986,0.158963
0.527376,0.158963
0.526766,0.158963
0.526155,0.158963
0.525545,0.158963
0.524934,0.158963
0.524324,0.158963
0.523714,0.158963
0.523103,0.158963
0.522493,0.158963
0.521882,0.158963
0.521272,0.158963
0.520662,0.158963
0.520051,0.158963
0.519441,0.158963
0.518830,0.158963
0.518220,0.158963
0.517610,0.158963
0.516999,0.158963
0.516389,0.158963
0.515779,0.158963
0.515168,0.158963
0.514558,0.158963
0.513947,0.158963
0.513337,0.158963
0.512727,0.158963
0.512116,0.158963
0.511506,0.158963
0.510895,0.158963
0.510285,0.158963
0.509675,0.158963
0.509064,0.158963
0.508454,0.158963
0.507843,0.158963
0.507233,0.158963
0.506623,0.158963
0.506012,0.158963
0.505402,0.158963
0.504792,0.158963
0.504181,0.158963
0.503571,0.158963
0.502960,0.158963
0.502350,0.158963
0.501740,0.158963
0.501129,0.158963
0.500519,0.158963
0.499908,0.158963
0.499298,0.158963
0.498688,0.158963
0.498077,0.158963
0.497467,0.158963
0.496856,0.158963
0.496246,0.158963
0.495636,0.158963
0.495025,0.158963
0.494415,0.158963
0.493805,0.158963
0.493194,0.158963
0.492584,0.158963
0.491973,0.158963
0.491363,0.158963
0.490753,0.158963
0.490142,0.158963
0.489532,0.158963
0.488921,0.158963
0.488311,0.158963
0.487701,0.158963
0.487090,0.158963
0.486480,0.158963
0.485869,0.158963
0.485259,0.158963
0.484649,0.158963
0.484038,0.158963
0.483428,0.158963
0.482818,0.158963
0.482207,0.158963
0.481597,0.158963
0.480986,0.158963
0.480376,0.158963
0.479766,0.158963
0.479155,0.158963
0.478545,0.158963
0.477934,0.158963
0.477324,0.158963
0.476714,0.158963
0.476103,0.158963
0.475493,0.158963
0.474883,0.158963
0.474272,0.158963
0.473662,0.158963
0.473051,0.158963
0.472441,0.158963
0.471831,0.158963
0.471220,0.158963
0.470610,0.158963
0.469999,0.158963
0.469389,0.158963
0.468779,0.158963
0.468168,0.158963
0.467558,0.158963
0.466947,0.158963
0.466337,0.158963
0.465727,0.158963
0.465116,0.158963
0.464506,0.158963
0.463896,0.158963
0.463285,0.158963
0.462675,0.158963
0.462064,0.158963
0.461454,0.158963
0.460844,0.158963
0.460233,0.158963
0.459623,0.158963
0.459012,0.158963
0.458402,0.158963
0.457792,0.158963
0.457181,0.158963
0.456571,0.158963
0.455960,0.158963
0.455350,0.158963
0.454740,0.158963
0.454129,0.158963
0.453519,0.158963
0.452909,0.158963
0.452298,0.158963
0.451688,0.158963
0.451077,0.158963
0.450467,0.158963
0.449857,0.158963
0.449246,0.158963
0.448636,0.158963
0.448025,0.158963
0.447415,0.158963
0.446805,0.158963
0.446194,0.158963
0.445584,0.158963
0.444973,0.158963
0.444363,0.158963
0.443753,0.158963
0.443142,0.158963
0.442532,0.158963
0.441922,0.158963
0.441311,0.158963
0.440701,0.158963
0.440090,0.158963
0.439480,0.158963
0.438870,0.158963
0.438259,0.158963
0.437649,0.158963
0.437038,0.158963
0.436428,0.158963
0.435818,0.158963
0.435207,0.158963
0.434597,0.158963
0.433986,0.158963
0.433376,0.158963
0.432766,0.158963
0.432155,0.158963
0.431545,0.158963
0.430935,0.158963
0.430324,0.158963
0.429714,0.158963
0.429103,0.158963
0.428493,0.158963
0.427883,0.158963
0.427272,0.158963
0.426662,0.158963
0.426051,0.158963
0.425441,0.158963
0.424831,0.158963
0.424220,0.158963
0.423610,0.158963
0.422999,0.158963
0.422389,0.158963
0.421779,0.158963
0.421168,0.158963
0.420558,0.158963
0.419948,0.158963
0.419337,0.158963
0.418727,0.158963
0.418116,0.158963
0.417506,0.158963
0.416896,0.158963
0.416285,0.158963
0.415675,0.158963
0.415064,0.158963
0.414454,0.158963
0.413844,0.158963
0.413233,0.158963
0.412623,0.158963
0.412012,0.158963
0.411402,0.158963
0.410792,0.158963
0.410181,0.158963
0.409571,0.158963
0.408961,0.158963
0.408350,0.158963
0.407740,0.158963
0.407129,0.158963
0.406519,0.158963
0.405909,0.158963
0.405298,0.158963
0.404688,0.158963
0.404077,0.158963
0.403467,0.158963
0.402857,0.158963
0.402246,0.158963
0.401636,0.158963
0.401025,0.158963
0.400415,0.158963
0.399805,0.158963
0.399194,0.158963
0.398584,0.158963
0.397974,0.158963
0.397363,0.158963
0.396753,0.158963
0.396142,0.158963
0.395532,0.158963
0.394922,0.158963
0.394311,0.158963
0.393701,0.158963
0.393090,0.158963
0.392480,0.158963
0.391870,0.158963
0.391259,0.158963
0.390649,0.158963
0.390038,0.158963
0.389428,0.158963
0.388818,0.158963
0.388207,0.158963
0.387597,0.158963
0.386987,0.158963
0.386376,0.158963
0.385766,0.158963
0.385155,0.158963
0.384545,0.158963
0.383935,0.158963
0.383324,0.158963
0.382714,0.158963
0.382103,0.158963
0.381493,0.158963
0.380883,0.158963
0.380272,0.158963
0.379662,0.158963
0.379051,0.158963
0.378441,0.158963
0.377831,0.158963
0.377220,0.158963
0.376610,0.158963
0.376000,0.158963
0.375389,0.158963
0.374779,0.158963
0.374168,0.158963
0.373558,0.158963
0.372948,0.158963
0.372337,0.158963
0.371727,0.158963
0.371116,0.158963
0.370506,0.158963
0.369896,0.158963
0.369285,0.158963
0.368675,0.158963
0.368064,0.158963
0.367454,0.158963
0.366844,0.158963
0.366233,0.158963
0.365623,0.158963
0.365013,0.158963
0.364402,0.158963
0.363792,0.158963
0.363181,0.158963
0.362571,0.158963
0.361961,0.158963
0.361350,0.158963
0.360740,0.158963
0.360129,0.158963
0.359519,0.158963
0.358909,0.158963
0.358298,0.158963
0.357688,0.158963
0.357077,0.158963
0.356467,0.158963
0.355857,0.158963
0.355246,0.158963
0.354636,0.158963
0.354026,0.158963
0.353415,0.158963
0.352805,0.158963
0.352194,0.158963
0.351584,0.158963
0.350974,0.158963
0.350363,0.158963
0.349753,0.158963
0.349142,0.158963
0.348532,0.158963
0.347922,0.158963
0.347311,0.158963
0.346701,0.158963
0.346090,0.158963
0.345480,0.158963
0.344870,0.158963
0.344259,0.158963
0.343649,0.158963
0.343039,0.158963
0.342428,0.158963
0.341818,0.158963
0.341207,0.158963
0.340597,0.158963
0.339987,0.158963
0.339376,0.158963
0.338766,0.158963
0.338155,0.158963
0.337545,0.158963
0.336935,0.158963
0.336324,0.158963
0.335714,0.158963
0.335103,0.158963
0.334493,0.158963
0.333883,0.158963
0.333272,0.158963
0.332662,0.158963
0.332052,0.158963
0.331441,0.158963
0.330831,0.158963
0.330220,0.158963
0.329610,0.158963
0.329000,0.158963
0.328389,0.158963
0.327779,0.158963
0.327168,0.158963
0.326558,0.158963
0.325948,0.158963
0.325337,0.158963
0.324727,0.158963
0.324116,0.158963
0.323506,0.158963
0.322896,0.158963
0.322285,0.158963
0.321675,0.158963
0.321065,0.158963
0.320454,0.158963
0.319844,0.158963
0.319233,0.158963
0.318623,0.158963
0.318013,0.158963
0.317402,0.158963
0.316792,0.158963
0.316181,0.158963
0.315571,0.158963
0.314961,0.158963
0.314350,0.158963
0.313740,0.158963
0.313129,0.158963
0.312519,0.158963
0.311909,0.158963
0.311298,0.158963
0.310688,0.158963
0.310078,0.158963
0.309467,0.158963
0.308857,0.158963
0.308246,0.158963
0.307636,0.158963
0.307026,0.158963
0.306415,0.158963
0.305805,0.158963
0.305194,0.158963
0.304584,0.158963
0.303974,0.158963
0.303363,0.158963
0.302753,0.158963
0.302142,0.158963
0.301532,0.158963
0.300922,0.158963
0.300311,0.158963
0.299701,0.158963
0.299091,0.158963
0.298480,0.158963
0.297870,0.158963
0.297259,0.158963
0.296649,0.158963
0.296039,0.158963
0.295428,0.158963
0.294818,0.158963
0.294207,0.158963
0.293597,0.158963
0.292987,0.158963
0.292376,0.158963
0.291766,0.158963
0.291155,0.158963
0.290545,0.158963
0.289935,0.158963
0.289324,0.158963
0.288714,0.158963
0.288104,0.158963
0.287493,0.158963
0.286883,0.158963
0.286272,0.158963
0.285662,0.158963
0.285052,0.158963
0.284441,0.158963
0.283831,0.158963
0.283220,0.158963
0.282610,0.158963
0.282000,0.158963
0.281389,0.158963
0.280779,0.158963
0.280168,0.158963
0.279558,0.158963
0.278948,0.158963
0.278337,0.158963
0.277727,0.158963
0.277117,0.158963
0.276506,0.158963
0.275896,0.158963
0.275285,0.158963
0.274675,0.158963
0.274065,0.158963
0.273454,0.158963
0.272844,0.158963
0.272233,0.158963
0.271623,0.158963
0.271013,0.158963
0.270402,0.158963
0.269792,0.158963
0.269181,0.158963
0.268571,0.158963
0.267961,0.158963
0.267350,0.158963
0.266740,0.158963
0.266130,0.158963
0.265519,0.158963
0.264909,0.158963
0.264298,0.158963
0.263688,0.158963
0.263078,0.158963
0.262467,0.158963
0.261857,0.158963
0.261246,0.158963
0.260636,0.158963
0.260026,0.158963
0.259415,0.158963
0.258805,0.158963
0.258194,0.158963
0.257584,0.158963
0.256974,0.158963
0.256363,0.158963
0.255753,0.158963
0.255143,0.158963
0.254532,0.158963
0.253922,0.158963
0.253311,0.158963
0.252701,0.158963
0.252091,0.158963
0.251480,0.158963
0.250870,0.158963
0.250259,0.158963
0.249649,0.158963
0.249039,0.158963
0.248428,0.158963
0.247818,0.158963
0.247207,0.158963
0.246597,0.158963
0.245987,0.158963
0.245376,0.158963
0.244766,0.158963
0.244156,0.158963
0.243545,0.158963
0.242935,0.158963
0.242324,0.158963
0.241714,0.158963
0.241104,0.158963
0.240493,0.158963
0.239883,0.158963
0.239272,0.158963
0.238662,0.158963
0.238052,0.158963
0.237441,0.158963
0.236831,0.158963
0.236220,0.158963
0.235610,0.158963
0.235000,0.158963
0.234389,0.158963
0.233779,0.158963
0.233169,0.158963
0.232558,0.158963
0.231948,0.158963
0.231337,0.158963
0.230727,0.158963
0.230117,0.158963
0.229506,0.158963
0.228896,0.158963
0.228285,0.158963
0.227675,0.158963
0.227065,0.158963
0.226454,0.158963
0.225844,0.158963
0.225233,0.158963
0.224623,0.158963
0.224013,0.158963
0.223402,0.158963
0.222792,0.158963
0.222182,0.158963
0.221571,0.158963
0.220961,0.158963
0.220350,0.158963
0.219740,0.158963
0.219130,0.158963
0.218519,0.158963
0.217909,0.158963
0.217298,0.158963
0.216688,0.158963
0.216078,0.158963
0.215467,0.158963
0.214857,0.158963
0.214246,0.158963
0.213636,0.158963
0.213026,0.158963
0.212415,0.158963
0.211805,0.158963
0.211195,0.158963
0.210584,0.158963
0.209974,0.158963
0.209363,0.158963
0.208753,0.158963
0.208143,0.158963
0.207532,0.158963
0.206922,0.158963
0.206311,0.158963
0.205701,0.158963
0.205091,0.158963
0.204480,0.158963
0.203870,0.158963
0.203259,0.158963
0.202649,0.158963
0.202039,0.158963
0.201428,0.158963
0.200818,0.158963
0.200208,0.158963
0.199597,0.158963
0.198987,0.158963
0.198376,0.158963
0.197766,0.158963
0.197156,0.158963
0.196545,0.158963
0.195935,0.158963
0.195324,0.158963
0.194714,0.158963
0.194104,0.158963
0.193493,0.158963
0.192883,0.158963
0.192272,0.158963
0.191662,0.158963
0.191052,0.158963
0.190441,0.158963
0.189831,0.158963
0.189221,0.158963
0.188610,0.158963
0.188000,0.158963
0.187389,0.158963
0.186779,0.158963
0.186169,0.158963
0.185558,0.158963
0.184948,0.158963
0.184337,0.158963
0.183727,0.158963
0.183117,0.158963
0.182506,0.158963
0.181896,0.158963
0.181285,0.158963
0.180675,0.158963
0.180065,0.158963
0.179454,0.158963
0.178844,0.158963
0.178234,0.158963
0.177623,0.158963
0.177013,0.158963
0.176402,0.158963
0.175792,0.158963
0.175182,0.158963
0.174571,0.158963
0.173961,0.158963
0.173350,0.158963
0.172740,0.158963
0.172130,0.158963
0.171519,0.158963
0.170909,0.158963
0.170298,0.158963
0.169688,0.158963
0.169078,0.158963
0.168467,0.158963
0.167857,0.158963
0.167247,0.158963
0.166636,0.158963
0.166026,0.158963
0.165415,0.158963
0.164805,0.158963
0.164195,0.158963
0.163584,0.158963
0.162974,0.158963
0.162363,0.158963
0.161753,0.158963
0.161143,0.158963
0.160532,0.158963
0.159922,0.158963
0.159311,0.158963
0.158701,0.158963
0.158091,0.158963
0.157480,0.158963
0.156870,0.158963
0.156260,0.158963
0.155649,0.158963
0.155039,0.158963
0.154428,0.158963
0.153818,0.158963
0.153208,0.158963
0.152597,0.158963
0.151987,0.158963
0.151376,0.158963
0.150766,0.158963
0.150156,0.158963
0.149545,0.158963
0.148935,0.158963
0.148324,0.158963
0.147714,0.158963
0.147104,0.158963
0.146493,0.158963
0.145883,0.158963
0.145273,0.158963
0.144662,0.158963
0.144052,0.158963
0.143441,0.158963
0.142831,0.158963
0.142221,0.158963
0.141610,0.158963
0.141000,0.158963
0.140389,0.158963
0.139779,0.158963
0.139169,0.158963
0.138558,0.158963
0.137948,0.158963
0.137337,0.158963
0.136727,0.158963
0.136117,0.158963
0.135506,0.158963
0.134896,0.158963
0.134286,0.158963
0.133675,0.158963
0.133065,0.158963
0.132454,0.158963
0.131844,0.158963
0.131234,0.158963
0.130623,0.158963
0.130013,0.158963
0.129402,0.158963
0.128792,0.158963
0.128182,0.158963
0.127571,0.158963
0.126961,0.158963
0.126350,0.158963
0.125740,0.158963
0.125130,0.158963
0.124519,0.158963
0.123909,0.158963
0.123299,0.158963
0.122688,0.158963
0.122078,0.158963
0.121467,0.158963
0.120857,0.158963
0.120247,0.158963
0.119636,0.158963
0.119026,0.158963
0.118415,0.158963
0.117805,0.158963
0.117195,0.158963
0.116584,0.158963
0.115974,0.158963
0.115363,0.158963
0.114753,0.158963
0.114143,0.158963
0.113532,0.158963
0.112922,0.158963
0.112312,0.158963
0.111701,0.158963
0.111091,0.158963
0.110480,0.158963
0.109870,0.158963
0.109260,0.158963
0.108649,0.158963
0.108039,0.158963
0.107428,0.158963
0.106818,0.158963
0.106208,0.158963
0.105597,0.158963
0.104987,0.158963
0.104376,0.158963
0.103766,0.158963
0.103156,0.158963
0.102545,0.158963
0.101935,0.158963
0.101325,0.158963
0.100714,0.158963
0.100104,0.158963
0.099493,0.158963
0.098883,0.158963
0.098273,0.158963
0.097662,0.158963
0.097052,0.158963
0.096441,0.158963
0.095831,0.158963
0.095221,0.158963
0.094610,0.158963
0.094000,0.158963
0.093389,0.158963
0.092779,0.158963
0.092169,0.158963
0.091558,0.158963
0.090948,0.158963
0.090338,0.158963
0.089727,0.158963
0.089117,0.158963
0.088506,0.158963
0.087896,0.158963
0.087286,0.158963
0.086675,0.158963
0.086065,0.158963
0.085454,0.158963
0.084844,0.158963
0.084234,0.158963
0.083623,0.158963
0.083013,0.158963
0.082402,0.158963
0.081792,0.158963
0.081182,0.158963
0.080571,0.158963
0.079961,0.158963
0.079351,0.158963
0.078740,0.158963
0.078130,0.158963
0.077519,0.158963
0.076909,0.158963
0.076299,0.158963
0.075688,0.158963
0.075078,0.158963
0.074467,0.158963
0.073857,0.158963
0.073247,0.158963
0.072636,0.158963
0.072026,0.158963
0.071415,0.158963
0.070805,0.158963
0.070195,0.158963
0.069584,0.158963
0.068974,0.158963
0.068364,0.158963
0.067753,0.158963
0.067143,0.158963
0.066532,0.158963
0.065922,0.158963
0.065312,0.158963
0.064701,0.158963
0.064091,0.158963
0.063480,0.158963
0.062870,0.158963
0.062260,0.158963
0.061649,0.158963
0.061039,0.158963
0.060428,0.158963
0.059818,0.158963
0.059208,0.158963
0.058597,0.158963
0.057987,0.158963
0.057377,0.158963
0.056766,0.158963
0.056156,0.158963
0.055545,0.158963
0.054935,0.158963
0.054325,0.158963
0.053714,0.158963
0.053104,0.158963
0.052493,0.158963
0.051883,0.158963
0.051273,0.158963
0.050662,0.158963
0.050052,0.158963
0.049441,0.158963
0.048831,0.158963
0.048221,0.158963
0.047610,0.158963
0.047000,0.158963
0.046390,0.158963
0.045779,0.158963
0.045169,0.158963
0.044558,0.158963
0.043948,0.158963
0.043338,0.158963
0.042727,0.158963
0.042117,0.158963
0.041506,0.158963
0.040896,0.158963
0.040286,0.158963
0.039675,0.158963
0.039065,0.158963
0.038454,0.158963
0.037844,0.158963
0.037234,0.158963
0.036623,0.158963
0.036013,0.158963
0.035403,0.158963
0.034792,0.158963
0.034182,0.158963
0.033571,0.158963
0.032961,0.158963
0.032351,0.158963
0.031740,0.158963
0.031130,0.158963
0.030519,0.158963
0.029909,0.158963
0.029299,0.158963
0.028688,0.158963
0.028078,0.158963
0.027467,0.158963
0.026857,0.158963
0.026247,0.158963
0.025636,0.158963
0.025026,0.158963
0.024416,0.158963
0.023805,0.158963
0.023195,0.158963
0.022584,0.158963
0.021974,0.158963
0.021364,0.158963
0.020753,0.158963
0.020143,0.158963
0.019532,0.158963
0.018922,0.158963
0.018312,0.158963
0.017701,0.158963
0.017091,0.158963
0.016480,0.158963
0.015870,0.158963
0.015260,0.158963
0.014649,0.158963
0.014039,0.158963
0.013429,0.158963
0.012818,0.158963
0.012208,0.158963
0.011597,0.158963
0.010987,0.158963
0.010377,0.158963
0.009766,0.158963
0.009156,0.158963
0.008545,0.158963
0.007935,0.158963
0.007325,0.158963
0.006714,0.158963
0.006104,0.158963
0.005493,0.158963
0.004883,0.158963
0.004273,0.158963
0.003662,0.158963
0.003052,0.158963
0.002442,0.158963
0.001831,0.158963
0.001221,0.158963
0.000610,0.158963
0.000000,0.158963
